,,,,,,,,,,,,,,,,,,,,,,,,,,
,,,,,,,,,,,,,,,,,,,,,,,,,,
830742160386163,,,,,,,,,,,,,,,,,,,,,,,,,,
,,,,,,,,,,,,,,,,,,,,,,,,,,
,,,,,,,,,,,,,,,,,,,,,,,,,,
,,,,,,,,,,,,,,,,,,,,,,,,,,
830742160386163,,,,,,,,,,,,,,,,,,,,,,,,,,
,,,,,,,,,,,,,,,,,,,,,,,,,,
,,,,,,,,,,,,,,,,,,,,,,,,,,
,,,,,,,,,,,,,,,,,,,,,,,,,,
1312709098856131,,,,,,,,,,,,,,,,,,,,,,,,,,
,,,,,,,,,,,,,,,,,,,,,,,,,,
Th·∫±ng ad ƒëi du h·ªçc m√† c≈©ng si√™ng l√™n page g·ªõm nh·ªâ :))M·∫•y anh It ai bi·∫øt g√¨ v·ªÅ b·∫£o m·∫≠t gi√∫p em v·ªõi,ch·∫Øc em ch·ªõt m·∫•t üôÅ,,,,,,,,,,,,,,,,,,,,,,,,,
https://bit.ly/bao-mat-website-vnetworkDuy Khoa :),,,,,,,,,,,,,,,,,,,,,,,,,,
,,,,,,,,,,,,,,,,,,,,,,,,,,
1300800866713621,,,,,,,,,,,,,,,,,,,,,,,,,,
,,,,,,,,,,,,,,,,,,,,,,,,,,
Nguy·ªÖn Xu√¢n H·∫£oC√≤n thi·∫øu h·ªçc gi·ªèi n·ªØa!!! :)),,,,,,,,,,,,,,,,,,,,,,,,,,
,,,,,,,,,,,,,,,,,,,,,,,,,,
1298531770273864,,,,,,,,,,,,,,,,,,,,,,,,,,
,,,,,,,,,,,,,,,,,,,,,,,,,,
,,,,,,,,,,,,,,,,,,,,,,,,,,
,,,,,,,,,,,,,,,,,,,,,,,,,,
1545425662202099,,,,,,,,,,,,,,,,,,,,,,,,,,
,,,,,,,,,,,,,,,,,,,,,,,,,,
":))) Pham Loc trai ƒë·ªïi t√¢m t∆∞ nguy·ªán v·ªçng xong r·ªìi nha anhCh·∫Øc ai ƒë√≥ s·∫Ω nh·ªôt.ch√†. Th·ªëng k√™ h∆°i nh√¨u nh√¨u r·ªìi nhaMi Na TitNh·ªù ch·ªØ ""c∆∞·ªùi "" m·ªõi t·ªìn t·∫°i th√¥i hiicon c√°o gi·ªëng b√† b·ªô tr∆∞·ªüng g√¨ gh√™ :))Minh Tr·∫ßnHaha tr·∫°i s√∫c v·∫≠tDo Thuy Hang√ù t∆∞·ªüng r·∫•t hay",ph·∫£n √°nh ƒë√∫ng b·∫£n ch·∫•t s·ª± vi·ªác,c·∫£m gi√°c ch·∫•t ph√°t g·∫ßn g≈©i l·∫Øm üëç,,,,,,,,,,,,,,,,,,,,,,,,
,,,,,,,,,,,,,,,,,,,,,,,,,,
1.28888E+15,,,,,,,,,,,,,,,,,,,,,,,,,,
,,,,,,,,,,,,,,,,,,,,,,,,,,
M·∫•y b·∫°n m√† k qua b√™n n√†y bu·ªìn ch·ªõt üòå,,,,,,,,,,,,,,,,,,,,,,,,,,
,,,,,,,,,,,,,,,,,,,,,,,,,,
1287433381383703,,,,,,,,,,,,,,,,,,,,,,,,,,
,,,,,,,,,,,,,,,,,,,,,,,,,,
,,,,,,,,,,,,,,,,,,,,,,,,,,
,,,,,,,,,,,,,,,,,,,,,,,,,,
1285548028238905,,,,,,,,,,,,,,,,,,,,,,,,,,
,,,,,,,,,,,,,,,,,,,,,,,,,,
,,,,,,,,,,,,,,,,,,,,,,,,,,
,,,,,,,,,,,,,,,,,,,,,,,,,,
1270562099737498,,,,,,,,,,,,,,,,,,,,,,,,,,
,,,,,,,,,,,,,,,,,,,,,,,,,,
,,,,,,,,,,,,,,,,,,,,,,,,,,
,,,,,,,,,,,,,,,,,,,,,,,,,,
1270459849747723,,,,,,,,,,,,,,,,,,,,,,,,,,
,,,,,,,,,,,,,,,,,,,,,,,,,,
,,,,,,,,,,,,,,,,,,,,,,,,,,
,,,,,,,,,,,,,,,,,,,,,,,,,,
998474650294432,,,,,,,,,,,,,,,,,,,,,,,,,,
,,,,,,,,,,,,,,,,,,,,,,,,,,
<3 <3 <3V∆∞∆°ng Gia Ph√∫ 30 :)Chi Chi √Ånh Tuy·∫øt Nguy·ªÖn H·∫±ng Pham Yen Khoa Jas Mine H√πng Th·∫Øng L√™ Khi√™m Th√πy Linh L√™ Ho√†ng Mai Hoa Mai H∆∞∆°ng L√™ Minhh ƒê·ª©c ƒê·ªôc B∆∞·ªõc Trang Anh Trang Trang Nam Phuong Nhok Heo Heokoy L√† Em B√πi Quang Kh·∫£i Nguy·ªÖn Minh Khang M·∫°nh Tu·∫•n Oriole Nguyen Ph∆∞∆°ng Ph∆∞∆°ng Quynh Mun M∆∞a R√†o Di·ªáp Di·ªáp Nguy·ªÖn M·∫°nh Quy·∫øt ƒêan So R√≥m Nguy·ªÖn Th∆∞∆°ng Th∆∞∆°ng Th∆∞∆°ng Ho√†ii Ngoc Vu Linh B√™ Linh Chit Tu·∫•n Linh H·∫±ng M√©tm·ªët Xuy·∫øn Candy Anan Nguy·ªÖn H∆∞·ªùng Chi Pu H·∫£i Y·∫øn Nguy·ªÖn ƒêinh ƒê·∫∑ng Xu√¢n Huy m·ªçi ng∆∞·ªùi like b√†i vi·∫øt gi√∫p em v·ªõi ·∫°,em c·∫£m ∆°n!Ph∆∞∆°ng Linh Nguy·ªÖn Ho√†ng Ph∆∞∆°ng Trang Tr·∫ßn L√™ Duy L√™ Ng·ªçc Hi·ªÅn Hi·ªÅn Hoa c·ªè may Quynh Ta Tr·ªãnh Giang ƒê·∫∑ng Th·ªã Th√πy Linh Gemini BT Nh·ªè M·∫øn Nh√†n Riby Nhan Joong Kh∆∞∆°ng Tu·∫•n Huy T∆∞·ªùng Nh∆∞ Nhi Ng·ªëc c√°c b·∫°n v√¥ like b√†i gi√∫p v·ªõi,c·∫£m ∆°n tr∆∞·ªõc...<3M√¨nh nh·ªõ b·∫°n :(Th·∫£ tim ch√≠u ch√≠u üòòüòòVi√™n M√£ Ch√¢u ƒêoan ·ªöt Ph∆∞·ª£ng L√™ Moe Kim Nhi K·ª≥ K·ª≥ cho chiÃ£ naÃÄy m√¥Ã£t traÃÅi trym ƒëi naÃÄ :)))Hyo Sukem Tr∆∞∆°ng Nguy·ªÖn √Ånh Linh Nam Nam Nguy·ªÖn Long ph·∫°m th·ªã th√πy d∆∞∆°ng Kemi D∆∞∆°ng like v√† share h·ªô :3NiNa Kim Thanh H·∫≠u S√¢m Sam Ng√¢n Hƒ©i Ch√≤m Song Ng∆∞ Tieu Su Hoshi Vy T∆∞·ªùng Di·ªáu Linh Trieu Phan Huy R√≤m Th√†nh Hi√™n Tony ƒê·ªó H·ªØu Chung Ph·∫°m Tr·∫ßn Kh∆∞∆°ng Chan caÃÅc c√¢Ã£u boÃâ 2 phuÃÅt quƒÉng cho chiÃ£ iÃÅ traÃÅi trym nhoa !! Iu iuB√πi Ho√†ng Kha Nguy·ªÖn H·ªØu Hi·∫øu Tr∆∞∆°ng Th·ªã Giang Lan Anh Pii Ho√†ng Nguy·ªÖn Th·ªã Hi·ªÅn Nguy·ªÖn VƒÉn B·∫£o ƒê·ª©c T√¢m ƒêinh L√™ M·∫°nh Hu·ª≥nh Kim Ph·ª•ng t·ª•i bay tag b·∫°n b√® v√†o like ƒë√™.Hu·ª≥nh Kim Ph·ª•ng ƒê·ªìng b·ªçn ∆°i,th√≠ch b√†i vi·∫øt gi√∫p m√¨nh nh√© xDKhoa ƒê·ªìng Nguy·ªÖn like d√πm b·∫°n t nhaAiNhi Tran Angel Katori An Guns Anh Ho√†ng Anh Daongoc Anh K·ª≥ Anh Ngngoc Anh Nguyen Anh Nguyet Pham Nguyen Anh Tu·∫•n B√¨nh An ƒêinh Ng·ªçc Anh Gosho Aoyama Lan Anh Nguy·ªÖn Annie Nguy·ªÖn Annie Ph·∫°m T·ªë Anh ƒê√†o Ru An San Ti·∫øn An Tr·∫ßn An Tu·∫•n Anh Tu·∫•n Anh Nguy·ªÖn M·ªçi ng∆∞·ªùi ∆°i like b√†i post gi√∫p em v·ªõi,c√°m ∆°n r·∫•t nhi·ªÅu ·∫° ‚ù§Ô∏è‚ù§Ô∏è‚ù§Ô∏è‚ù§Ô∏èƒê√†o Th√πy Linh ƒê√†o Xu√¢n Nam ƒê·∫°t ƒêen ƒê·∫∑ng B·∫£o ƒê·∫∑ng H√† ƒê·∫∑ng Ng·ªçc Th·∫Øng ƒêƒÉng Ho√†ng ƒê·∫∑ng N.Th·∫Øng ƒê·∫∑ng Th·∫£o ƒêinh Lan Th·∫£o ƒê·∫∑ngƒêƒêinh Lan ƒê·∫°t ƒêo√†ncHi·ªÅn ƒêo√†nnNg·ªçc ƒêo√†n ƒêo√†n Thanh Hoa gi√∫p em v·ªõi. Em c√°m ∆°n nhi·ªÅu ·∫° ‚ù§Ô∏è‚ù§Ô∏è‚ù§Ô∏èThanh H·∫±ng Nguy·ªÖn C∆∞·ªùng Nh·∫≠t Ti√™n Ho√†ng Th·∫£o Hoang Pham Van Huy Tien Hoang Thu Hue Ho√†ng Th·ªã Ng·ªçc √Ånh L√™ Th·ªã Th√πy Trang Trinh Ph∆∞·ª£ng Nhung Nguy·ªÖn Nhung Chan Quynhlinh Nguyen √öt Nguy·ªÖn Ut Hiep H√† VƒÉn T√πng V√¢nn V√¢n Nguy·ªÖn Tu·∫•n Tr·ª±c NT Tu·∫•n VƒÉn Th∆∞·ªûng ƒê·∫∑ng Th·ªã Huy·ªÅn Trang Di·ªÖm Di·ªÖm Trang Tr√¢u c√°c b·∫°n v√¥ like b√†i gi√∫p v·ªõi,c·∫£m ∆°n tr∆∞·ªõc...<3Nguy·ªÖn Ng·ªçc Kh∆∞∆°ng ƒê·∫ßy Nguy·ªÖn Ri V√¥n Nguy·ªÖn Youung Son Lee Duy√™n Yuu Anh Nguyen Nguyen Duc Danh Thanh L√¢m Th√†nh Th·∫£o Nguy·ªÖn Ph·∫°m Ho√†i Thanh Nguy·ªÖn Tr·ªçng Khu√™ Nguy·ªÖn Nh·ª±t Phan Th·∫°ch Duy oÃ£i ng like baÃÄi vi√™ÃÅt giuÃÅp miÃÄnh v∆°ÃÅi nha :(( xin l√¥ÃÉi ƒëaÃÉ laÃÄm phi√™ÃÄn nheÃÅDi·ªÖm My D·ªÖ V·ª° Ly Di·ªáp Di·ªáp Di·ªáp Ki·ªÅu Ti√™n Di·ªáu Kinno Ph·∫°m Di·ªáu LinhLinh Diem Nguyen Danh Nguy·ªÖn C√¥ng Do Tran Nhu Quynh Dung Taeng D∆∞∆°ng Minh Tr·ªçng Duong Huong Duy ƒêan D∆∞∆°ng Ng·ªçc Tr√¢n T·∫•n Duy ƒê√†o M.n like b√†i gi√∫p em v·ªõi,"c√°m ∆°n r·∫•t nhi·ªÅu ·∫° ‚ù§Ô∏è‚ù§Ô∏è‚ù§Ô∏èM·ªçi ng∆∞·ªùi ""LIKE"" gi√∫p m√¨nh v·ªõi nh√©! m√¨nh c·∫£m ∆°n nhi·ªÅu ·∫°!",,,,,,,,,,,,,,,,,,,,
H√πng Nguy·ªÖn,,,,,,,,,,,,,,,,,,,,,,,,,,
Meen Ho√†ng,,,,,,,,,,,,,,,,,,,,,,,,,,
Nh·∫≠tAn TrangTh∆∞,,,,,,,,,,,,,,,,,,,,,,,,,,
Anh H√†o,,,,,,,,,,,,,,,,,,,,,,,,,,
Anh Khoa,,,,,,,,,,,,,,,,,,,,,,,,,,
Be Lun,,,,,,,,,,,,,,,,,,,,,,,,,,
BƒÉng Ng·ªçc,,,,,,,,,,,,,,,,,,,,,,,,,,
Dong Huong,,,,,,,,,,,,,,,,,,,,,,,,,,
Duy Tr·∫ßn,,,,,,,,,,,,,,,,,,,,,,,,,,
H√† Huy Ho√†ng,,,,,,,,,,,,,,,,,,,,,,,,,,
H√† Nguy·ªÖn,,,,,,,,,,,,,,,,,,,,,,,,,,
H√†n Th·∫ø D·∫ßn,,,,,,,,,,,,,,,,,,,,,,,,,,
H√†n Khoa,,,,,,,,,,,,,,,,,,,,,,,,,,
Hi·∫øu Nguy·ªÖn,,,,,,,,,,,,,,,,,,,,,,,,,,
Huy B·ª±,,,,,,,,,,,,,,,,,,,,,,,,,,
Huy Nguy·ªÖn,,,,,,,,,,,,,,,,,,,,,,,,,,
H·ªìng Minh,,,,,,,,,,,,,,,,,,,,,,,,,,
L√¢m Th·∫°ch L√™,,,,,,,,,,,,,,,,,,,,,,,,,,
Nguy·ªÖn Ng·ªçc L√£m,,,,,,,,,,,,,,,,,,,,,,,,,,
L√¢m Tranh H√πng,,,,,,,,,,,,,,,,,,,,,,,,,,
L√™ Hi·∫øu,,,,,,,,,,,,,,,,,,,,,,,,,,
M√®o's L√πn'ss,,,,,,,,,,,,,,,,,,,,,,,,,,
M√®o'sS L∆∞·ªùi-i L·∫°nh-h L√πng'sS,,,,,,,,,,,,,,,,,,,,,,,,,,
N.Th·ªã Th√∫y's,,,,,,,,,,,,,,,,,,,,,,,,,,
Ng√¥ VƒÉn Qu√¢n,,,,,,,,,,,,,,,,,,,,,,,,,,
Nguy·ªÖn Ng·ªçc Di·ªÖm,,,,,,,,,,,,,,,,,,,,,,,,,,
Nguy·ªÖn VƒÉn T·∫°o,,,,,,,,,,,,,,,,,,,,,,,,,,
Nguy·ªÖn VƒÉn T√πng,,,,,,,,,,,,,,,,,,,,,,,,,,
T√πng L√¢m,,,,,,,,,,,,,,,,,,,,,,,,,,
N√¥ng Th·ªã Vui,,,,,,,,,,,,,,,,,,,,,,,,,,
Ph∆∞·ªõc,,,,,,,,,,,,,,,,,,,,,,,,,,
Ph∆∞·ª£ng S√¢u,,,,,,,,,,,,,,,,,,,,,,,,,,
Ph·∫°m Tr·ªçng Hi·∫øu,,,,,,,,,,,,,,,,,,,,,,,,,,
Sun Ny L√™,,,,,,,,,,,,,,,,,,,,,,,,,,
Th∆∞ Nguy·ªÖn,,,,,,,,,,,,,,,,,,,,,,,,,,
Hen Nguyen,,,,,,,,,,,,,,,,,,,,,,,,,,
Th·∫£o Nhi,,,,,,,,,,,,,,,,,,,,,,,,,,
Tr·ªãnh Ph∆∞·ª£ng,,,,,,,,,,,,,,,,,,,,,,,,,,
V≈© ƒê√¨nh S√¢mL√™ Minh T√∫ Kim Ng√¢n Kuro Pi Nguy·ªÖn Tr∆∞∆°ng Ph∆∞∆°ng Vy Minh Ph∆∞∆°ng Ki·ªÅu Th·ªã M·ªπ Linh Th√πy Linh Hu·ª≥nh Ng·ªçc B√≠ch Hu·ª≥nh Tr√≠ Nguy·ªÖn L∆∞u Hi·ªáp Ph·∫°m Minh Ph∆∞∆°ng Qu·ªëc C∆∞·ªùng C·∫£nh D∆∞∆°ng C√¥ng Th√†nh Nguy·ªÖn Ph·∫°m ƒê·ª©c Nguy·ªÖn C∆∞·ªùng Qu·ªëc ƒê·∫°t Tr·∫ßn Ph·∫°m VƒÉn Hi·∫øu Hi·∫øu L√πn L√™ Th·ªßy H√¢n ƒêo√†n Tr·∫ßn ƒê·∫Øc T√¢m Nh∆∞ Phuong Bui M·∫•y b·∫°n like gi√πm m√¨nh nh√© <3 <3Nguy·ªÖn V≈© Ti√™n Trinh H·ªì Thu Giangg Vinh Tr·∫ßn Chi Nguy·ªÖn Anh Lanh Chanh Pichubby LeL√™ ƒê·ª©c Ti·∫øn Le Thi Thu Tr·∫ßn Qu·ªëc Huy Tr∆∞∆°ng Nguy·ªát Qu·∫øThanh Th·∫£oNh∆∞ Qu·ª≥nh ƒê·ªó Luong Nguyen-VanV≈© VƒÉn M·∫°nhƒê·ª©c Th√¥ngTr·∫ßn Ho√†ng Lu√¢n moÃ£i ng like baÃÄi vi√™ÃÅt giuÃÅp miÃÄnh v∆°ÃÅi nha :(( xin l√¥ÃÉi ƒëaÃÉ laÃÄm phi√™ÃÄn nheÃÅTh·∫£ tym,hahaC√°c b·∫°n v·∫≠n ƒë·ªông like gi√∫p v·ªõi...,,,,,,,,,,,,,,,,,,,,,,,,,
Th√πy D∆∞∆°ng Long An N·ªù T·ªù H·ªù Chu·ªôtC√¢u like c√¢u likeLike d·∫°o n√†o ƒë·ªìng b√†o!!!,,,,,,,,,,,,,,,,,,,,,,,,,,
Juke Nguy·ªÖn V≈© VƒÉn M·∫°nh V∆∞∆°ng Gia Ph√∫ Ba Kh·∫Øc L√™ Y·∫øn Anh TƒÉng Nguy·ªÖn Xu√¢n Truy·ªÅn L√™ Danh Th·∫°ch B√πi Quang Ti·∫øn Tr·∫ßn Anh Tu·∫•n Ho√†ng Anh Tu·∫•n ƒê·∫∑ng Th·ªã C·∫©m Ly Song Song ƒê·∫∑ng Th·ªã Kim Luy·∫øn Nguyen Viet Quoc Ph·∫°m L√™ ƒê√¨nh Duy Phan Duy Duy Thanh Nguyen Thao Phong V√µ Th√†nh Nam Ng·ªçc Th·∫£o Nguy·ªÖn Ng·ªçc Hi·ªÉn ƒê·ªó Quang Hu·ª≥nh Bui Van Xung Tr·∫ßn Quang Ch∆∞∆°ng V√µ Minh ƒê·ªß Nguy·ªÖn VƒÉn Uy Nguy·ªÖn Tr·∫ßn Uy√™n Ph∆∞∆°ng Huyen My Pham My Tien Ch·ª≠i Thu√™ Phong V√µ M·ªπ Ph√≥n Nguy√™n T·ª´ ƒê·∫∑ng B·∫£o,,,,,,,,,,,,,,,,,,,,,,,,,,
,,,,,,,,,,,,,,,,,,,,,,,,,,
1263135423813499,,,,,,,,,,,,,,,,,,,,,,,,,,
,,,,,,,,,,,,,,,,,,,,,,,,,,
,,,,,,,,,,,,,,,,,,,,,,,,,,
,,,,,,,,,,,,,,,,,,,,,,,,,,
1538960129459019,,,,,,,,,,,,,,,,,,,,,,,,,,
,,,,,,,,,,,,,,,,,,,,,,,,,,
,,,,,,,,,,,,,,,,,,,,,,,,,,
,,,,,,,,,,,,,,,,,,,,,,,,,,
1260100664116975,,,,,,,,,,,,,,,,,,,,,,,,,,
,,,,,,,,,,,,,,,,,,,,,,,,,,
Theo th√¥ng tin n·ªôi b·ªô th√¨ c√≥ th·ªÉ l√† b·∫°n Quang ƒë√£ c√≥ ng∆∞·ªùi ƒë√†n √¥ng c·ªßa ƒë·ªùi m√¨nh r·ªìi nha b·∫°n h√†ng x√≥m <3,,,,,,,,,,,,,,,,,,,,,,,,,,
#JBM√¨nh c≈©ng ∆∞·ªõc m·ªôt ng√†y kh√¥ng xa c√≥ m·ªôt ng∆∞·ªùi vi·∫øt cfs cho minh @@,,,,,,,,,,,,,,,,,,,,,,,,,,
"#h3oHay l·∫Øm. C√≥ gh·∫π ƒë·ªÉ √Ω haCh·ªß th·ªõt l√† nam hay n·ªØ v :3Thay mƒÉÃ£t cho l∆°ÃÅp mtcl2016.2 - l∆°ÃÅp maÃÄ baÃ£n Quang Nghi√™m ƒëang hoÃ£c . DuÃÄ baÃ£n laÃÄ gaÃÅi hay trai hay laÃÄ giÃÄ ƒëi n∆∞ÃÉa thiÃÄ miÃÄnh xin noÃÅi 1 c√¢u "" baÃ£n l√¢ÃÄm to r√¥ÃÄi ""G·ª≠i b·∫°n ch·ªß cf: b·∫°n l·∫ßm to r·ªìi kkkkTr·ªùi m√°!!!!! Quang Nghi√™m √¥ng l√†m c√°i q g√¨ m√† gieo r·∫Øc ƒë√†o hoa t√πm lum v·∫≠y h·∫£!!!!!! Hay l√† c√°i n√†y √¥ng t·ª± vi·∫øt v·∫≠y????Quang Nghi√™m pr h·∫£ chaR√∫t lui ƒëi :))) Im crushing on someone elese :)))Th·∫±ng Quang Nghi√™m n√†y ch∆°i h√¥ng ƒë∆∞·ª£c r·ªìi.kkk",,,,,,,,,,,,,,,,,,,,,,,,,,
,,,,,,,,,,,,,,,,,,,,,,,,,,
1255667037893671,,,,,,,,,,,,,,,,,,,,,,,,,,
,,,,,,,,,,,,,,,,,,,,,,,,,,
:V r√°ng ƒë·ª´ng r·ªõt,l·ª° r·ªõt r√°ng nghƒ© v·ªÅ t√≤a nh√† B... :(( c∆° m√† ƒë·ªãt m·ªçe NEU tƒÉng 25% hs sv la l√≥i um s√πm UIT tƒÉng 100% :(,,,,,,,,,,,,,,,,,,,,,,,,,
,,,,,,,,,,,,,,,,,,,,,,,,,,
1252213338239041,,,,,,,,,,,,,,,,,,,,,,,,,,
,,,,,,,,,,,,,,,,,,,,,,,,,,
,,,,,,,,,,,,,,,,,,,,,,,,,,
,,,,,,,,,,,,,,,,,,,,,,,,,,
1178988808894828,,,,,,,,,,,,,,,,,,,,,,,,,,
,,,,,,,,,,,,,,,,,,,,,,,,,,
kh√° kh√≥ v·ªõi s·ªë ti·ªÅn m√† nh·ªõ dc s·ªë seri :P,,,,,,,,,,,,,,,,,,,,,,,,,,
-h3o-th√™m link fb cho c√°c b√°c d·ªÖ li√™n l·∫°c nh√© :)),,,,,,,,,,,,,,,,,,,,,,,,,,
https://www.facebook.com/tin.bui.7777,,,,,,,,,,,,,,,,,,,,,,,,,,
,,,,,,,,,,,,,,,,,,,,,,,,,,
1249085448474678,,,,,,,,,,,,,,,,,,,,,,,,,,
,,,,,,,,,,,,,,,,,,,,,,,,,,
L√Ω thuy·∫øt v·ªõi th·ª±c t·∫ø n√≥ kh√°c nhau qu√° tr·ªùi Ph·∫°m Ho√†i D∆∞∆°ng ·∫° üòÇüòÇüòÇU·∫ßy... sao n√≥ d√†i th·∫ø c√¥üòÇüòÇM√¢ÃÅy caÃÅi naÃÄy t∆∞∆°Ãâng b√¢y gi∆°ÃÄ bi√™ÃÅt h√™ÃÅt r√¥ÃÄi ch∆∞ÃÅ,l∆°ÃÅn r√¥ÃÄi t∆∞h tiÃÄm hi√™Ãâu ƒëi,hiÃÅ hiÃÅThanh Sang Cao c√≥ nghƒ© ƒë√¢y l√† b√†i h·ªçc b·ªï √≠ch cho D≈©ng Harris ko :))))E t∆∞·ªüng ƒë√†n √¥ng t·ª± l√†m ch·ª© . ai ng·ªù b·∫°n g√°i l√†m h·ªô √†.... vui nh·∫ª üòÇüòÇC√¥ n√†y d·∫°y kƒ© nƒÉng s·ªëng tr∆∞·ªùng e ƒë√≥,c√¥ v·ª´a xinh v·ª´a h√°t hayƒê·∫∑ng √Ånh Ng·ªçc ƒë√¢y l√† l·∫ßn th·ª© 3 t th·∫•y c√°i video n√†y trong bu·ªïi chi·ªÅu h√¥m nay. M√† nh√¨n k·ªπ ƒëi,ko l·∫°i b·∫£o ch∆∞a ƒë∆∞·ª£c nh√¨n bao gi·ªù :vHS n·ªØ: ·ªßa √¥i,n√≥ d√†i th·∫ø kia h·∫£ c√¥ ..... c√¥ gi√°o: ch√∫t n·ªØa n√≥ nh∆∞ n√†y ch·ªâ b·∫±ng 1/3,1/4,th·∫≠m ch√≠ nh∆∞ n√†y th√¥i *gi∆° ng√≥n √∫t l√™n* :)))))Xem ƒëi bu·ªìn c∆∞·ªùi ch·∫øt lu√¥n kkkkkkküòÑüòÑüòÑ Na Na NaV≈© Quang Duy c√¥ giaÃÅo Y√™ÃÅn ƒëaÃÉ d√¢Ã£y baÃÄi naÃÄy cho ch∆∞a :)))chuy·ªán n√†y r·∫•t l√† b√¨nh th∆∞·ªùng v·∫≠y m√† ·ªü VN xem nh∆∞ l√† c√°i g√¨ to t√°c l·∫ØmC√¥ v∆∞ÃÄa xinh maÃÄ giaÃâng laÃ£i hay n∆∞ÃÉa,,,,,,,,,,,,,,,,,,,
C√¥ daÃ£y m√¥n hoÃ£c naÃÄy r√¢ÃÅt hay,e thiÃÅch Hi Hi,,,,,,,,,,,,,,,,,,,,,,,,,
Bi√™ÃÅt nhi√™ÃÄu ƒëi√™ÃÄu h∆°n thaÃâ tym cho c√¥ <3S·ª≠ d·ª•ng bcs c√≥ kh·∫£ nƒÉng b·ªã ung th∆∞C√¥ gi√°o gi·ªèi l√† ƒë√¢yL√™ Tu·∫•n Anh Duc LeMinh ae ng·ªß ch∆∞a? gi·∫£i tr√≠ t√≠ mai ƒëi thi cho sung s·ª©c n√® =)))L√∫c ƒë·∫ßu n√≥ to nh∆∞ th·∫ø n√†y n√†y *Qu·∫©y qu·∫©y* xu·∫•t tinh xong th√¨ n√≥ c√≤n l·∫°i 1/2,2/3,1/3,1/4 c√≥ khi n√≥ nh∆∞ th·∫ø n√†o *gi∆° ng√≥n gi·ªØa* c√≥ khi n√≥ c√≤n nh∆∞ th·∫ø n√†y c∆° * gi∆° ng√≥n √∫t*,,,,,,,,,,,,,,,,,,,,,,,
*L·ªõp c∆∞·ªùi ha h√°*,,,,,,,,,,,,,,,,,,,,,,,,,,
Xu·∫•t tinh xong th√¨ ph·∫£i l·ªôt n√≥ nh∆∞ th·∫ø n√†y *L·ªôt l·ªôt* *th√°o d·ª°*,,,,,,,,,,,,,,,,,,,,,,,,,,
*ƒëi ƒë·∫øn b√†n h·ªçc*,,,,,,,,,,,,,,,,,,,,,,,,,,
Mu·ªën k l√¢y b·ªánh th√¨ ta ph·∫£i *c·∫ßm bao cao su* *quay quay quay* nh∆∞ th·∫ø n√†y *c·ªôt xong gi∆° l√™n*,,,,,,,,,,,,,,,,,,,,,,,,,,
*quay quay*....*b·ªè v√†o t√∫i nilong*,,,,,,,,,,,,,,,,,,,,,,,,,,
V√† sau ƒë√¢y c√¥ m·ªùi b·ªën b·∫°n l√™n th·ª±c h√†nh n√†o!,,,,,,,,,,,,,,,,,,,,,,,,,,
"*g√†o th√©t* ""Em!!! Em!!! Em!!!""Tr·ªùi Con C·ªßa xem r·ªìi m√† h·ªçc :vTh√∫y Nga b·∫°n t√¥i ƒëc l√™n h·∫≥n cfs tr∆∞·ªùng b√† m·ªõi m√°u ch·ª© =))Chan Meo",AB AB Nguy·ªÖn,Ng·ªçc Nguy·ªÖn: ng√†y x∆∞a ƒëi h·ªçc ch·∫£ c√¥ n√†o ƒë∆∞·ª£c nh∆∞ c√¥ n√†y :))h√¥m nay tui ƒë∆∞·ª£c h·ªçc b√†i m·ªõi Tuy·ªÅn V√µ :D :DEm em em. Th·∫ø th√¨ cho m√¨nh l√†m v·∫≠t th√≠ nghi·ªám c≈©ng ƒë∆∞·ª£c =))))H√† V√¢n xem bu·ªìn c∆∞·ªùi v =))c·∫£m ∆°n ad nh√°,"ƒë∆∞·ª£c t·∫∑ng ba con s√¢u m√† kh√¥ng bi·∫øt l√†m nh∆∞ n√†o :vTr·∫ßn Huy H√πng üòÇüòÇüòÇ sao ng√†y x∆∞a c√≥ d·∫°y ntnay ƒë√¢u üòÇüòÇüòÇ b√¢y h bi·∫øn th√°i th·∫ø. ·∫§n t∆∞·ª£ng nh·∫•t qu·∫£ d∆∞a chu·ªôtH·∫±ng g√¨ g·∫•u c·ª© b·∫£o c·∫Øt m√≥ng tayE th·ªÅ l√† 21 nƒÉm tr·ªùi m·ªõi ƒëc nh√¨n th·∫•y h√¨nh d·∫°ng bcs üòÇüòÇüòÇ nh∆∞ng m√† video n√≥ m·ªù qu√° =)))Nghe ƒë·∫øn c√¢u ""B·∫°n n√†o d√πng rƒÉng c·∫Øn xo·∫πt 1 c√°i..."" c∆∞·ªùi b√≤ ra b√†n! :vng√†y x∆∞a su√Ωt ƒëc h·ªçc ch∆∞∆°ng n√†y th√¨ ra ch∆°i n√™n c√¥ b·ªè qua nh·ªâ Ch√¢m Ng·ªçc :v :vL√™ C√¥ng Lee Nguyen Tr·∫ßn Qu·ªëc Huy n√†y c√°c anh ƒë√£ bi·∫øt d√πng ƒë√∫ng c√°ch ƒë·ªÉ ƒë·∫£m b·∫£o an to√†n cho ny ch∆∞a = )))))M·∫•y em h·ªçc sinh h√°o h·ª©c th·∫ø ch·ª© l·ªãThu Uyen Y·∫øn H·∫£i tr∆∞·ªùng m√¨nh k c√≥ d·∫°y m√¥n n√†y üòÇüòÇüòÇu·∫ßy",c√≥ ai nghƒ© b√°n bao cao su s·∫Ω c√≥ tri·ªÉn v·ªçng k?gi√° tr·ªã th·∫∑ng d∆∞ c√≥ th·ªÉ t·∫°o ra ntn?Ai ai xung phong l√™n th·ª±c h√†nh n√†o ??,,,,,,,,,,,,,,,,,,,,,,
Sinh vi√™n: Em,,em,,em,,,em,,,,,,,,,,,,,,,,,,,
to√†n gi·ªçng n·ªØ !C√¥ gi√°o : V√† sau ƒë√¢y c√¥ m·ªùi 4 b·∫°n l√™n th·ª±c h√†nh n√†o,,,,,,,,,,,,,,,,,,,,,,,,,,
Hs n·ªØ : Em,em,em,,,,,,,,,,,,,,,,,,,,,,,,
C≈©ng m√°u ph·∫øt ƒë·∫•y =))))Ph√∫t 1:23 L√∫c c√¥ gi√°o ƒë∆∞a qu·∫£ d∆∞a chu·ªôt ... M·ªôt b·∫°n h·ªçc sinh n·ªØ ph√°t bi·ªÉu ... ·ª¶a √¥i sao to th·∫ø v·ªõi gi·ªçng ƒëi·ªáu th√≠ch th√∫ :-D ƒê√∫ng l√† hi·∫øu ƒë·ªông nh∆∞ tr·∫ª conC√¥ gi√°o ch·ªët h·∫°: Ai ai xung phong l√™n th·ª±c h√†nh n√†o ??,,,,,,,,,,,,,,,,,,,,,,,,,,
Sinh vi√™n: Em,,em,,em,,,em,,,,,,,,,,,,,,,,,,,
Qu√° nhi·ªÅu em c∆° m√† to√†n gi·ªçng n·ªØ ! Cho th·∫•y Nam ko th√≠ch vi·ªác th·ª±c h√†nh n√†y 1 ch√∫t n√†o :))Hs n·ªØ : Em. em. em,,,,,,,,,,,,,,,,,,,,,,,,,,
Kg bi·∫øt c√≥ √¥ng ctrai,"gay... n√†o l√™n th·ª±c h√†nh kgB√≠ch L√™ ƒë√¢y c√≥ anh b√°n c√† r·ªìi th√¨ ""b·ªè ra 5p c√≤n h∆°n l√† l√¢y b·ªánh nh√© "" üòÇüòÇüòÇKim Kh√°nh ph·∫£i c√¥ Tr√¢m n√≥i r√µ r√†ng v·ªõi hay ri h·ª∑ hahahch·ªâ th·∫Øc m·∫Øc m√¥n g√¨ th√¥i :)ƒê·∫øn l√∫c m√¨nh ra kh·ªèi tr∆∞·ªùng ƒë·∫•y r·ªìi th√¨ ms cho h·ªçc m·∫•y m√¥n n√†y.∆∞·ªõc j c√≥ 5 t√≠n m√¥n n√†y trong l·ªô tr√¨nh h·ªçc :(( haiz :(((L√†m theo c√¥ n√≥i th√¨ t·ª•t m·∫π h·∫øt c·∫£m x√∫cm√¨nh ƒë·ªìng √Ω v·ªõi quan ƒëi·ªÉm l√† n√™n gi√°o d·ª•c gi·ªõi t√≠nh cho c√°c em h·ªçc sinh c·∫•p 3.nh∆∞ng h∆∞·ªõng d·∫´n c√°c em s·ª≠ d·ª•ng bao cao su nh∆∞ n√†y th√¨ ko n√™n ch·∫≥ng kh√°c n√†o ·ªßng h·ªô c√°c em quan h·ªá khi c√≤n l√† h·ªçc sinh c·∫•p 3.ch·∫£ bi·∫øt m√¨nh c·ªï h·ªß l·∫Øm koc√¥ l·∫•y qu·∫£ d∆∞a to ƒë√πng th·∫ø kia l√†m v·∫≠t th√≠ nghi·ªám .ƒë·∫øn khi c√°c e th·ª±c h√†nh l·∫°i th·∫•t v·ªçng m·∫•t th√¥i :v1 s·ªë v·ª£ ch·ªìng tr·∫ª s·∫Ω ph√†n n√†n r·∫±ng:gi√° nh∆∞ ng√†y x∆∞a m√¨nh c√≥ c√¥ gi√°o nh∆∞ n√†y :vPh·∫°m Kh√°nh Dung Nguy·ªÖn NhungNgoan's H·∫°nh's H·ªìng Nguy·ªÖn Ha PhuongAnh n√†y th√¨ ch∆∞a th·∫•y bh n√†y :v ƒë·∫•y tha h·ªì nh√¨nxem xong l·∫°i th·∫•y nh·ªõ m√¥n BHCS b·∫°n Ban Mai ·∫°..... heheTu·∫•n Ho√†ng H·ªì t·ª•c qu√° =)) m·ªùi l√™n th·ª±c h√†nh to√†n nghe gi·ªçng n·ªØ ·∫•y =))∆†ÃÄ. Sao tr∆∞∆°ÃÄng m ko daÃ£y m√¥n naÃÄy nh√™Ãâbest nghi·ªáp v·ª• s·ª± ph·∫°m :)))ƒêang ƒÉn m√† h√†i mu·ªën phun üòÇüòÇüòÇ""√îi n√≥ d√†i th·∫ø √† c√¥"" :vCu·ªëi video ! C√°c b·∫°n n·ªØ h√†o h·ª©ng qu√° :)))Alison Cecilia c√¥ naÃÄy bƒÉÃÄng c√¥ tr∆∞∆°ÃÄng e ko =)))))D∆∞∆°ng Thi·ªánHoi xua c≈©ng h·ªçc nh∆∞ n√†y ma c√¥ gi√°o k vui nh∆∞ v·∫ßyPh·∫°m Tuy·∫øn xem gi√πm ƒë·ªÉ tr√°nh ƒë·ª©a th·ª© 2K·∫øt nh·∫•t c√¢u cu·ªëi ""e e e e"" :vC√¥ gi√°o ch·∫•t qu√° ·∫° üòÅNGuy·ªÖn Gia B·∫£o nh·ªõ nghe ch∆∞a con. =))))Em...em....Tr∆∞·ªùng m√¨nh dc l√™n n·∫øu confession ƒë·∫•y Lang KhoaiNguy·ªÖn ƒê·ª©c Th·ªç Coi ƒëi td n√†y",k l·∫°i k bi·∫øt sd·ª•ng :vC√¥ ƒëeo cho e v∆°iKim Chung :)) ƒë√≥ ngh·ªÅ c·ªßa mi :))Trong Nguyen bi·∫øt ƒëeo ch∆∞a ch·ªçng :))))Th·ª±c s·ª± b·ªï √≠chH·ªçc h√†nh b√¢y gi·ªù c√°i g√¨ n√≥ c≈©ng ph·∫£i th·ª±c t·∫ø :))))Ph·∫°m Dung ch·ªãu kh√≥ xem h·∫øt ƒëiNhy Nguy·ªÖn m c·∫Øn xo·∫πt 1 ph√°t ah =)))Huyen Nguyen xem rut kn nak,,kk√¥i ch·ªùiHay l·∫Øm c√¥ ∆°i :v :v <3Thua üòÇüòÇüòÇ sao truoc k dc h·ªçcTr·∫ßn H√¢n Dii b·ªçn con c√≥ h·ªçc c√°i n√¨ ko ? :)))X∆∞a ch·∫£ ƒëc d·∫°y :/c√¥ v·∫Ω ƒë∆∞·ªùng cho h∆∞∆°u ch·∫°y!ch·ªâ thi√™nƒê≈©a ƒê·∫≠u bi·∫øt c√°ch d√πng ch∆∞a?c√≥ c·∫ßn cho th·ª±c h√†nh h∆°m :vTh·ªßy MinT max h√†i ƒëo·∫°n cu·ªëiPh·∫°m Ti·∫øn M·∫°nh Sa m·∫°c l·ªùi vs trg √¥ng aüòÇüòÇüòÇüòÇüòÇüòÇCh√¥m Ch√¥m h·ªçc ƒëi c∆∞ng... :)Ng√¥ Thanh H·∫±ng ƒë√£ b c√°ch s·ª≠ d·ª•ng ch∆∞a :)))C√≥ v·∫ª h·ª£p v·ªõi NEUüòÇüòÇ√î tg ƒë√¢y gd cho b·ªçn ƒêH ch·ª©vui v√£iTr·∫ßn Th·ªã HaÃâo sau m l√†m ngh·ªÅ ni √† üòÇgi·ªçng ƒëanh ƒë√° q√∫a.V√¢n Thanh c·∫°n l·ªùi lu√¥n :v :v :Vƒëo·∫°n cu·ªëi m·∫•y em n·ªØ sinh h√°o h·ª©c mu·ªën th·ª≠ qu√° :v :vt·ªânh vc :3H·ªçc sinh c·∫•p 3 ?? c√≥ v·∫ª kh√¥ng ph√π h·ª£p l·∫Øm ü§îCule's Ly: Khi n√†o ch√∫ng mk m·ªõi ƒë∆∞·ª£c h·ªçc ntn nh·ªÉ- L√©p Ngu =)))) d√¥ h·ªçc h·ªèi n√® m :vHu·∫ø Di·ªÖm Du·ªá xem m√† hoc h·ªèi hahaTr·∫ßn Minh Ph∆∞∆°ng c√¥ gi√°o em ƒëc l√™n tag √†D≈©ng Hi·ªÅn ƒëo·∫°n cu·ªëi =))) v√£iPhan M·ªπ Linh cho linh l√†m c√¥ gi√°o =))Pe Thu tr∆∞·ªùng m k d·∫°y :)))M·∫•y b√© gi·∫£ nai ... ch·ª© n√≥ l√†m c√≤n gi·ªèi h∆°n c√¥ gi√°o √Ω .L√™ Ch√¢m bu·ªìn c∆∞·ªùi c·ª±cGiang D·∫©m :))) bi·∫øt ch∆∞aTr·ªùi ∆°i üòÇüòÇüòÇ tui ko d·∫°y Sinh 8Ph·∫°m Ho√†ng Nam c√°i n√†y bu·ªìn c∆∞·ªùi ph·∫øt anh :))c√¥ giaÃÅo nhiÃÄn gi√¥ÃÅng HoaÃÄng ThuyÃÄ Linh vaÃÉiB√πi Tu·∫•n l√†m ∆°n c·∫Øt m√≥ng tay ƒëi nh√° =)):(Chiu thua thoi·ªü tr∆∞·ªùng n√†o ƒë√¢y c√°c bƒê·∫øn l·∫°y v·ªõi c√¥ gi√°o thanh ni√™n c·ª©ng. =))Thi·∫øu: trai ƒëeo g√°i th√°oGi·ªù t√¥i m√≠ bi·∫øt. Ba con s√≥i l√† ntnHay.vch.c√¥ sinh m√¨nh k l·∫ßy ƒëc nh∆∞ v·∫ßy Th·∫£o ƒêinhQu·ªëc Trung xem ma h·ªçc h·ªèi nay hahaUy√™n B·∫£o Qu·ª≥nh Nh·∫≠t Hanh Ngoc Phan ƒë√°ng ra ph·∫£i h·ªçc nh∆∞ n√†y n√†y :)))))H·∫≠u Ph·∫°m Ti·∫øn H√≤a Nguy·ªÖn ba con s√≥i ƒëi·ªÉm danh :v,Shinji,Minh ƒê·ª©c,NGUY·ªÑN Nguy·ªÖn H·ªìng Qu√¢n,trc ae m√¨nh k ƒëc h·ªçc nh·ªâ,"NG·ªåC Ng·ªçc H·∫£ico dep e he""C√¥ ∆°i test v∆°ÃÅi e nha""..... :3T·ªãnh Thi√™n h·ªçc h·ªèi ƒëiV√µ V√µ Ng·ªçc Tr√¢m T·∫•n T√†i ph√°o hoa kkkHo√†ng V√µ. E h·ªçc rƒêinh Ng·ªçc ƒê·ª©c ƒê√†o Tr·ªçng H∆∞ng gi·∫£ng vi√™n T√¨nh d·ª•c h·ªçc ƒë√¢y r·ªìi :)))Thanh Thanh Th·∫£ooCh√≠ To√†n Mad A Ly Khang Vƒ© Tran Trancoi m√† h·ªçc h·ªèi k√¨a m·∫•y cha oie h√¢hhaKh∆∞∆°ng VƒÉn Nguy·ªÖn VƒÉn C∆∞·ªùng Nguy·ªÖn ƒê·ª©c Anh Em em =))Ng·ªçc √Ånh Huy·ªÅn Th∆∞∆°ng :)))))))Anh Phuong Thao Hoang Nhung Kim =))) ƒë·∫øn gi·ªù h·ªçc gdgt r!! =))Nguy√™n L√™ =))H√† Ph∆∞∆°ng Cuppy Huy·ªÅn Thao Phan Giang Nguyen Nhat Linh thuu th·∫£o c√°c c√¥ gi√°o t∆∞∆°ng lai h·ªçc h·ªèi kinh nghi·ªám n√†oNguy·ªÖn Minh Th·ªç xem h·ªçc t·∫≠p n√® =))))T√≥c Ng·∫Øn Th·∫£o Miuu Th√∫y V√¢n Th·∫£o Te c·∫ßn 1 l·ªùi gi·∫£i th√≠chD√¥ hc cho bi·∫øt c√°c m·∫π =)))) Nguy·ªÖn Ng·ªçc Ho√†ng AnSu Hu·ª≥nhTr·∫ßn Samƒêinh B·∫£o Kh√°nh :v clip n√†y hay nhaThanh Xu√¢n",H·∫°nh Nguy·ªÖn,B·∫°ch D∆∞∆°ng,V√¢n Nguy·ªÖn Xem ƒëi maÃÄ caÃâm nh√¢Ã£n nheÃÅ.T√¥n Tu·ªá Nh·∫≠t h·ªçc h·ªèi ƒëi ku :vLe Vu Anh h·ªçc h·ªèi n√®H√πng Z√≤ Chi·∫øn R√πa Khanh Bo Ho√†ng T√πng Du Arin ƒêo√†n ƒê·∫Øc D∆∞∆°ng Th√¢n Th√†nh Nam Adam Tr·∫ßnüòÇüòÇüòÇLoc Giang ƒê·∫∑ng Huy Ph√πngNh·ª±t Ph√πng M·∫°nh T√¢n Tr·ªçngTh∆∞·ªüng T Th√¨ H√† Ph·∫°m Ti·∫øt Quang tr∆∞·ªùng m√¨nh ƒë√©o d·∫°y m·∫•y n√†y :)))Ph√πng Minh H√πng V≈© Tr∆∞·ªùng Giang ha thu Nguy·ªÖn Thu Th·∫£o Nguyen Thu Ha D≈©ng B√πng h∆∞·ªõng d·∫´n sd ƒë√∫ng c√°ch nh√© ahihiTina Con C∆∞ng h·ªçc ƒëi c√≤n bi·∫øtTi·∫øn ƒê·∫°t hay ko :vMy My Nhung Hong Xu√¢n Tr√∫c Thu H√†T√†i Minh L√™ c·∫ßn h·ªçc koHuong Quynh Ho√†ng H·ªìng H·∫±ng Nguy·ªÖn Heri V√µ xem ƒëi cho bi·∫øt ahahaM·∫≠t Linh h·ªçc ngayL√¢m Th∆∞∆°ng üòÇüòÇüòÇüòÇüòÇüòÇüòÇüòÇüòÇüòÇüòÇLoan Ha Qu√¢n Anh N∆° MyƒÇn C∆∞·ªõp Ch·ª£tr√π hehe c√¥ xinh qu√°Nguy·ªÖn Kh√°nh Huy·ªÅn like nhanh th·∫ø =)))Hi·ªáp G√† üòÇüòÇüòÇüòÇüòÇüòÇNg√¥ Xu√¢n H·∫±ng ƒê·∫∑ng xem ƒëi nh√© üòÇüòÇüòÇNguy·ªÖn M·∫°nh Hi·∫øu h·ªçc ƒëi n√†y nh√≥cL∆∞u Huy·ªÅn Tr√¢m nh·ªõ xem h·∫øtTrinh M·ªπ coi k√¨aTh·∫£o Linh h·ªçc ƒëiDuy√™n Duy√™n khai s√°ngAnh Tran Ph·∫°m Hoa kƒ© nƒÉng ƒë·∫•yKii·ªÅuu Nguy·ªÖnThu Huy·ªÅn Ph∆∞∆°ng Ph∆∞∆°ng h·ªçc ƒëi m·∫•y c∆∞ngH·∫±ng Thu Nguy·ªÖn nghe ƒëi n√®Sung ThachHot lun Bao Ngoc LeM·ª° G·∫•u Chu Anh Long Hu·ª≥nh Kim bao h√†i =))))H·∫°nh K√≤yNguy·ªÖn Qu·ª≥nh Trang bu·ªìn cuoi vcQuoc Binh Cao ;)))))))Ph·∫°m Sao Mai ahhahahaDuy Linh ƒê·ªó h·ªçc ƒëiƒê·ª©c Long Nguy·ªÖn xem ƒëi em* C·∫©m Quy√™nüòÇüòÇüòÇüòÇAnh Nguy·ªÖn Quang Yesterday Loi Down c√¥ xinh h∆°mTrung Ng√¥ Quang,Ho√†ng B·∫•t Hi·∫øu,V∆∞∆°ng Quang Kh·∫£i,Nguy·ªÖn Quang Anh,ƒêinh Vi√™n,Ph√∫cc King's,Kim S∆°n,H·ªì Nguy·ªát T√¢m,Nguy·ªÖn Minh Hi·∫øu,Saibon Sorbelity,B√° ƒê√†o'x Hoaa,Nguy·ªÖn H∆∞·ªüng 3 tiÃÅn cuÃâa tr∆∞∆°ÃÄng ngta. :-DHuy Nguyen qu√° kƒ©Ho√†ng Nam =)))Nguy·ªÖn Th·ªã Thu L√†nh Hoa Th·ªã Ho√†ng Mun Nguyen Nguy·ªÖn C∆∞·ªùng Nh·∫≠t Ti√™n C∆°m Rang ƒê√†o coi h·ªçc h·ªèi. üòÇüòÇ Ch·∫Øc ch·∫øtPh·∫°m Chung Anh :v vccLee's Miu's =]]Ph·∫°m Tuy·∫øt Giao M·ªπ Linh :)))L√Ω L√Ω L√Ω Kim Y·∫øn Tr·ªãnh Vi·∫øt Th√°i :)))Minh Trang L√™ H∆∞∆°ng :))Tr·∫ßn Huy·ªÅn Nguy·ªÖn H·∫°nh üòÇüòÇüòÇThanh H·∫£i :vHo√†i Trang .L√™ Ch√≠ ƒê·∫°i :3Tien Nguyen <3Huong Nguyen √Ånh Tr·ªãnh :DV≈© ƒê√¨nh Tr·ªçngüòÇüòÇChink Turtle Uy√™n Ho√†ng V√¢n C√≤i üòÇüòÇL√™ Th·ªã Ph∆∞∆°ng Thanh Kim Nguy·ªÖn Kim ChiDanh Sang Tr·∫ßn √Çu Phongƒê·ªó H∆∞·ªüngoT√¢m Minh H·ªìüòÇH∆∞·ªùng V≈© Ng√¢n NguxiHo√†ng Hi·ªápNguy·ªÖn Th·ªã Thanh Th·∫£o Na ƒê·∫∑ngThanh Env L·∫°p S∆∞·ªùnTi·ªÉu C∆∞·ªùng Ki·∫øp L√¥ng B√¥ngNghinh HoangH·∫£i NinhSong T·ª≠B√° ƒê·∫°tNguyen Hong NhungPhuong LeL√™ Q DuyTo√†n Ph·∫°mJang PhanPh∆∞∆°ng LinhHu·ª≥nh Th·∫£o TrangHuynh MaiTh√πy AnhCrystal BlackiePh∆∞∆°ng Th·∫£oT√¢n T√¢n Nguy·ªÖnTr∆∞·ªùng ƒê·∫∑ng ƒê·ª©cM∆∞a N·∫ØngV∆∞∆°ng Kim Ng·ªçcNguy·ªÖn Tuy·∫ønTh√πy Nguy·ªÖn LinhhTr·∫ßn M·∫°nh Ho√†nNam L√™ Quy·ªÅn B√°Th·ª•VƒÉn V√µ Kim Hi·∫øuNg√¢n Tr·∫ßnDung Phanƒêo√†n LinhOƒÉnn OƒÉnn hihi :3 =))))))))))))))))))))))))))))))))))))))))))))))))))))))Sang VuCOng GOMinh Th·∫ØngHoang AnhPuki B·∫£o Ng·ªçc hahaha...Tr∆∞∆°ng H·∫£i √ÇuLang Nghe Trai TimDiem LinhNg√¢n TjanTam NguyenM√¨ T√¥mHo√†ng Y·∫ønnKi·ªÅu Trinh :vHo√†ng Tr∆∞·ªùngL√™ Ng·ªçc H√†Tr·∫ßn Thu Hi·ªÅn :vThi√™n H∆∞∆°ngd√†nh cho c√°c th√°nh c·∫ßn link fb :https://www.facebook.com/truc.thien.104?fref=ufi&hc_location=ufiKimV≈© VƒÉn H·ªØuDuy Tung Junpio üòÇNg·ªçc Mai üòñüòñüòñ,,,
,,,,,,,,,,,,,,,,,,,,,,,,,,
1050547108405666,,,,,,,,,,,,,,,,,,,,,,,,,,
,,,,,,,,,,,,,,,,,,,,,,,,,,
,,,,,,,,,,,,,,,,,,,,,,,,,,
,,,,,,,,,,,,,,,,,,,,,,,,,,
1.05011E+15,,,,,,,,,,,,,,,,,,,,,,,,,,
,,,,,,,,,,,,,,,,,,,,,,,,,,
H√¥m b·ªØa e c≈©ng b·ªã,tuy·∫øn 33Tr·∫ßn Th·ªã MinhT√¢m LucileCh√¢u PhuongLe ƒëi v·ªÅ c·∫©n th·∫≠n,,,,,,,,,,,,,,,,,,,,,,,,,
,,,,,,,,,,,,,,,,,,,,,,,,,,
1049939705133073,,,,,,,,,,,,,,,,,,,,,,,,,,
,,,,,,,,,,,,,,,,,,,,,,,,,,
M√£ Ng·ªëc gi·ªù ch∆∞a ng·ªß √† memberD·∫° ch∆∞a,,,,,,,,,,,,,,,,,,,,,,,,,,
,,,,,,,,,,,,,,,,,,,,,,,,,,
1049871198473257,,,,,,,,,,,,,,,,,,,,,,,,,,
,,,,,,,,,,,,,,,,,,,,,,,,,,
,,,,,,,,,,,,,,,,,,,,,,,,,,
,,,,,,,,,,,,,,,,,,,,,,,,,,
1049550861838624,,,,,,,,,,,,,,,,,,,,,,,,,,
,,,,,,,,,,,,,,,,,,,,,,,,,,
,,,,,,,,,,,,,,,,,,,,,,,,,,
,,,,,,,,,,,,,,,,,,,,,,,,,,
1.04935E+15,,,,,,,,,,,,,,,,,,,,,,,,,,
,,,,,,,,,,,,,,,,,,,,,,,,,,
,,,,,,,,,,,,,,,,,,,,,,,,,,
,,,,,,,,,,,,,,,,,,,,,,,,,,
1049348295192214,,,,,,,,,,,,,,,,,,,,,,,,,,
,,,,,,,,,,,,,,,,,,,,,,,,,,
cmt(b·∫°n cho m√¨nh xin nickname ƒë·ªÉ m·ªói l·∫ßn cmt cho n√≤ d·ªÖ):,,,,,,,,,,,,,,,,,,,,,,,,,,
1/4/2017 11:29:45,,,,,,,,,,,,,,,,,,,,,,,,,,
"√Äh m√¨nh ƒë·ªãnh n√≥i b·ªØa gi·ªù r·ªìi m√† qu√™n. Ch·ªâ v·ªÅ t√™n c·ªßa hai ad th√¥i üòÅ
#JB l√† Justin Bieber h·∫£? M√¨nh th√≠ch Justin l·∫Øm. Ph·∫£i n√≥i l√† b·ªã cu·ªìng nghe nh·∫°c c·ªßa Justin lu√¥n üòÇ. C√≤n #h3o th√¨ ch√∫ng ta c√πng h·ªôi r·ªìi =))))",,,,,,,,,,,,,,,,,,,,,,,,,,
#h3o,,,,,,,,,,,,,,,,,,,,,,,,,,
,,,,,,,,,,,,,,,,,,,,,,,,,,
1048943231899387,,,,,,,,,,,,,,,,,,,,,,,,,,
,,,,,,,,,,,,,,,,,,,,,,,,,,
C√≤n k ? -_-,,,,,,,,,,,,,,,,,,,,,,,,,,
,,,,,,,,,,,,,,,,,,,,,,,,,,
1048322448628132,,,,,,,,,,,,,,,,,,,,,,,,,,
,,,,,,,,,,,,,,,,,,,,,,,,,,
p/s: kh√¥ng ph·∫£i JB b·ªã s√†m s·ª° s∆∞·ªõng qu√° m√† b·ªè vi·ªác nh√©,do JB k mu·ªën l·ªô danh t√≠nh hoy :p,,,,,,,,,,,,,,,,,,,,,,,,,
#JB... M√¨nh n√†y. G·∫∑p 2 3 ng√†y t·ªè t√¨nh. G√≥c ƒë·ªô c·ªßa m√¨nh l√† m√¨nh th√≠ch th√¨ t·ªè t√¨nh. Sau ƒë√≥ vun ƒë·∫Øp t·ª´ t·ª´. Mh k mu·ªën h·∫•n h·ªôi khi nh√¨n l·∫°i mh y√™u ngta th√¨ ngta ƒë√£ c√≥ ng kh√°c. ƒê√∫ng ng sai th·ªùi ƒëi·ªÉm ƒë√≥ b·∫°n. V√† theo nh∆∞ b·∫°n n√≥i. Mh b·ªã t·ª´ ch·ªëi v√¨ x·∫•u h∆°n th·∫±ng kia :v (mh h·ªèi s quen mh th√¨ b·∫£o y√™u mh do mh chu ƒë√°o quan t√¢m chi·ªÅu chu·ªông ngta. Nh∆∞ng b√™n anh ·∫•y em th·∫•y an to√†n h∆°n. V√† ƒë·∫∑c bi·ªát ·∫£nh ƒë·∫πp trai h∆°n anh)th√¥i th·∫ø l√† c·∫°n l·ªùi.,,,,,,,,,,,,,,,,,,,,,,,,,,
"C√≤n chia s·∫ª nƒÉm nh·∫•t m√¨nh c≈©ng y√™u v√† th√≠ch m·ªôt ng∆∞·ªùi. T·ªè t√¨nh(ki·ªÉu c≈© l·∫ßn ƒë√≥ l√† 4 tu·∫ßn) ngta n√≥i. ""tui h√¥ng th√≠ch √¥ng"" th·∫ø ƒë·∫•y v·∫´n b√°m theo. Theo ƒë√¢u h∆°n 3 th√°ng (theo ƒëu·ªïi th√¥i ch·ª© k ph·∫£i ƒëeo b√°m ad bi·∫øt ch·ª´ng m·ª±c n√†) t·∫øt ngta v·ªÅ ngta thay ƒë·ªïi k mu·ªën l√†m b·∫°n k mu·ªën g·∫∑p mh lun. C√¢u ns nh·ªõ nh·∫•t l√† ""tui c√≥ ng tui th√≠ch tui mu·ªën d√†nh tr·ªçn tc cho ng ·∫•y"" mh vu·ªôt kh·ªèi tay m·ªôt c√¥ g√°i t·ªët :v ch·∫Øc do mh th√¥i. Mh c≈©ng √≠t li√™n l·∫°c t·ª´ ƒë√≥. ƒê∆°n gi·∫£n mh k ph·∫£i k y√™u n·ªØa m√† ƒë·ªÉ ngta t√¨m hp <3...",,,,,,,,,,,,,,,,,,,,,,,,,,
Chia s·∫ª vs b·∫°n v·∫≠y n√†. #JB em k c∆∞·ªõp kh√°ch c·ªßa a nha <3,,,,,,,,,,,,,,,,,,,,,,,,,,
√Ä mh c√≥ c√°ch kh√°c m·ªü l√≤ng n√†y. M·ªü l√≤ng nh∆∞ m·ªü mi·ªáng (Quan ƒëi·ªÉm c·ªßa m√¨nh n√≥ gi·ªëng ·ªü ng·∫°i v√† s·ª£) v·ªÅ c√¢u ch·ªØ n√≥ gi·ªëng nhau ·ªü m·ªü :v b·∫°n n√≥i dc vui v·∫ª t√¢m s·ª± th·∫≠t nv l√† ƒëang b·∫Øt ƒë·∫ßu m·ªü l√≤ng r·ªìi kh√¥ng ph·∫£i nh·∫•t thi·∫øt nh∆∞ #JB ns √¢u. Hum n√†o r·∫£nh mh k·ªÉ c√¢u chuy·ªán v·ªÅ *h·ªôi trai khoa* c·ªßa mh‚ô•Qu√™n #h3o nha :-),,,,,,,,,,,,,,,,,,,,,,,,,,
,,,,,,,,,,,,,,,,,,,,,,,,,,
1047611382032572,,,,,,,,,,,,,,,,,,,,,,,,,,
,,,,,,,,,,,,,,,,,,,,,,,,,,
#JB anh v√†o t√¢m chia s·∫ª vs ngta k√¨a :V em b·ªã ƒë√° ho√†i n√™n ch·∫£ bi·∫øt c·∫£m gi√°c hp n√≥ ntn :(,,,,,,,,,,,,,,,,,,,,,,,,,,
#h3oC·∫£m gi√°c ƒë√≥ ph√™ l·∫Øm üòå c√°i l√∫c n√≥ nh·∫´n t√¢m r·ªùi b·ªè m√¨nh r m·ªçi chuy·ªán s·∫Ω qua üòÑR·ªìi s·∫Ω c√≥ ng∆∞·ªùi d√†nh cho minh :3 c·ª© tin v·∫≠y ƒëi b·∫°n d√π m√©o bi·∫øt bao gi·ªù no ƒë·∫øn -_- ch·∫Øc n√≥ b·ªã k·∫πt xe,,,,,,,,,,,,,,,,,,,,,,,,,,
,,,,,,,,,,,,,,,,,,,,,,,,,,
1046742948786082,,,,,,,,,,,,,,,,,,,,,,,,,,
,,,,,,,,,,,,,,,,,,,,,,,,,,
L·ªùi ƒë·∫ßu ti√™n g·ª≠i ƒë·∫øn ad #h3o,ƒë√¢y l√† kh√°ch h√†ng ru·ªôt c·ªßa JB n√™n m·ªçi chia s·∫ª c·ªßa b·∫°n n√†y s·∫Ω do JB up.,,,,,,,,,,,,,,,,,,,,,,,,,
L·ªùi th·ª© hai l√† ƒë·∫øn b·∫°n,c√¥ g√°i KHTN m·∫°nh m·∫Ω c·ªßa t√¥i <3,,,,,,,,,,,,,,,,,,,,,,,,,
Qu√° kh·ª© n√≥ ·ªü ƒë·∫±ng sau r·ªìi c√¥ ·∫°,"t√¥i kh√¥ng c√≥ l·ªùi b√¨nh lu·∫≠n n√†o v·ªÅ ""anh"" v√¨ t√¥i ch·∫≥ng hi·ªÉu r√µ chuy·ªán 2 ng∆∞·ªùi. Nh∆∞ng c√°ch b·∫°n n√≥i v·ªÅ ""anh ·∫•y"" th√¨ c√≥ v·∫ª b·∫°n v·∫´n ch∆∞a qu√™n ƒëc. JB kh√¥ng khuy√™n b·∫°n qu√™n",m√† mong b·∫°n h√£y ƒë·ªÉ nh·ªØng c·∫£m x√∫c c·ªßa qu√° kh·ª© ·∫•y l√† k·ª∑ ni·ªám,l√† c√°i ƒë·ªÉ khi nghƒ© v·ªÅ ta ch·ªâ c∆∞·ªùi cho m·ªôt th·ªùi ng√¢y ng√¥ (JB ƒëo√°n b·∫°n c≈©ng ƒëang c·ªë l√†m nh∆∞ v·∫≠y ph·∫£i kh√¥ng!? ƒëo√°n th√¥i nh√© :p),,,,,,,,,,,,,,,,,,,,,,,
B·∫°n √†,t√¨nh y√™u kh√¥ng ph·∫£i s·ª± l·ª±a ch·ªçn duy nh·∫•t,nh∆∞ng n√≥ g·∫ßn nh∆∞ l√† s·ª± l·ª±a ch·ªçn b·∫Øt bu·ªôc ƒë·ªëi v·ªõi m·ªôt c√¥ g√°i. Kh√¥ng ph·∫£i JB tr·ªçng nam khinh n·ªØ,m√† l√† con g√°i sinh ra ƒë√£ y·∫øu ƒëu·ªëi h∆°n v√† c·∫ßn ng∆∞·ªùi che ch·ªü,y√™u th∆∞∆°ng. C√°i qu√° kh·ª© b·ªã t·ªïn th∆∞∆°ng b·ªüi t√¨nh y√™u,h√£y ch·ªØa l√†nh n√≥ b·∫±ng m·ªôt t√¨nh y√™u kh√°c. Kh√¥ng c·∫ßn b·∫°n ph·∫£i ƒëi t√¨m,"m√† ch·ªâ l√† h√£y ""m·ªü l√≤ng"" n·∫øu n√≥ t·ªõi",ƒë·ª´ng ch·ªëi b·ªè,m√¨nh v·∫´n c√≤n tr·∫ª m√†. H√£y ƒëi√™n cu·ªìng m·ªôt ch√∫t cho th·ªùi tu·ªïi tr·∫ª th·∫≠t ƒë√°ng nh·ªõ n√†o :3,,,,,,,,,,,,,,,,,,
JB m·ªõi ng·ªß d·∫≠y,c√≥ th·ªÉ l·ªùi l·∫Ω kh√¥ng ƒë∆∞·ª£c hay,kh√¥ng ƒë∆∞·ª£c d·ªÖ hi·ªÉu,v√† c√≤n c√≥ th·ªÉ sai m·ªôt s·ªë ch·ªó,nh∆∞ng ƒë√≥ l√† t√¨nh c·∫£m JB g·ª≠i cho b·∫°n,n√≥ h∆°i th√¥,nh∆∞ng th·∫≠t.,,,,,,,,,,,,,,,,,,,,
Th√¢n,#JB,,,,,,,,,,,,,,,,,,,,,,,,,
P/s: h·∫πn g·∫∑p l·∫°i trong 1 stt ti·∫øp theo :3 hastag #JB ƒë·ªÉ t√¢m s·ª± v·ªõi JB nhaNay ad #JB th·∫£ th√≠nh nh√¨u th·∫ø#JB ƒë√π nh√¨n ad th·ªôn th·ªôn m√† c≈©ng gi√∫p √≠t cho ƒë·ªùi d·ªØ ta <3 <3 <3 th·∫£ <3 <3 <3 <3 ad n√†y :V,,,,,,,,,,,,,,,,,,,,,,,,,,
,,,,,,,,,,,,,,,,,,,,,,,,,,
1046093645517679,,,,,,,,,,,,,,,,,,,,,,,,,,
,,,,,,,,,,,,,,,,,,,,,,,,,,
#h30 Ngu :v :vTh√≠nh th√≠nh b√£ b√£ nh∆∞ 1 tr√≤ ƒë√πa .,,,,,,,,,,,,,,,,,,,,,,,,,,
C·∫ßn nghe chi ti·∫øt s·∫Ω ƒë∆∞a ra k·∫øt lu·∫≠nƒëit m·∫π ae t√¥i ∆°i th·∫ø del n√†o m√† √¥ng gi·ªëng t√¥i vcl <3 hay ae m√¨nh ƒë·∫øn vs nhau ƒëiC√°i ƒëm h·∫øt th·∫±ng bitch Nguy·ªÖn Ng·ªçc Hi·ªÉn ƒë·∫øn tml ad -_- m∆∞·ª£n phong c√°ch n√≥i chuy·ªán c·ªßa b·ªë m√† k ghi ngu·ªìn √† ‚Ç´m -_-,,,,,,,,,,,,,,,,,,,,,,,,,,
,,,,,,,,,,,,,,,,,,,,,,,,,,
1046089725518071,,,,,,,,,,,,,,,,,,,,,,,,,,
,,,,,,,,,,,,,,,,,,,,,,,,,,
H·ªçc b√†i s·∫Øp ch√©t r ad ∆°i üòû t·ªõi gi·ªù ch∆∞a xong üòë,,,,,,,,,,,,,,,,,,,,,,,,,,
,,,,,,,,,,,,,,,,,,,,,,,,,,
1045964408863936,,,,,,,,,,,,,,,,,,,,,,,,,,
,,,,,,,,,,,,,,,,,,,,,,,,,,
c√°c b·∫°n nam v√†o cho √Ω ki·∫øn ch·ª© JB ch∆∞a c·∫£ ƒë∆∞·ª£c ai th·∫£ th√≠nh n√™n k r√µ l√† n√™n x·ª≠ l√Ω ra l√†m sao :3Cho t h·ªèi ngu ƒëi·ªÅu t th·∫Øc m·∫Øc l√¢u nay: th·ª±c ra th√≠nh m√† th√≠m ·ªü Cfs n√≥i l√† g√¨ z ? T t∆∞·ªüng th√≠nh n√≥ gi·ªëng nh∆∞ l·ªùi t·ªè t√¨nh ?,,,,,,,,,,,,,,,,,,,,,,,,,,
,,,,,,,,,,,,,,,,,,,,,,,,,,
1045625505564493,,,,,,,,,,,,,,,,,,,,,,,,,,
,,,,,,,,,,,,,,,,,,,,,,,,,,
cho ad ƒëi·ªÉm danh vs nha <3,,,,,,,,,,,,,,,,,,,,,,,,,,
#h3o*d∆° tay*,,,,,,,,,,,,,,,,,,,,,,,,,,
em ƒë√¢y th·ªõt ∆°i :Vth√≠nh ·ªü n∆°i ƒë√¢u c·ª©..... √† m√† th√¥ich·∫•m,,,,,,,,,,,,,,,,,,,,,,,,,,
,,,,,,,,,,,,,,,,,,,,,,,,,,
1045529408907436,,,,,,,,,,,,,,,,,,,,,,,,,,
,,,,,,,,,,,,,,,,,,,,,,,,,,
dm ·ªü ƒë√¢y v·∫´n c√≤n ad #h3o nha #JB ƒÉn h·∫øt √† <3 m√¨nh n√†y b·∫°n <3 b·∫°n c·ª© tho·∫£i m√°i exp FA h∆°n 20 m√πa hoa ph∆∞·ª£ng n√™n b·∫°n c·ª© y√™n t√¢m n√†y :Dg·ª≠i b·∫°n th·ªõt... ad c≈©ng t·ª´ng b·ªã c·∫Øm s·ª´ng.. c√°i c·∫£m gi√°c m√† k tin v√†o ty ·∫•y mh c≈©ng hi·ªÉu c√°i c·∫£m gi√°c nghe hay th·∫•y ai ƒë·ªôt nhi√™n quan t√¢m m√¨nh c≈©ng s·ª£ l·∫Øm ... h√¨ h√¨ nh∆∞ng c·ª© t·ª± tin ƒëi b·∫°n... ai ƒëi ngang ƒë·ªùi m√¨nh c≈©ng c√≥ ƒë·ªÉ l·∫°i b√†i h·ªçc. ta hay tin t∆∞·ªüng v√¨ th·∫±ng ƒë√≥ ch∆∞a th·∫•y dc c√°i t·ªët c·ªßa b·∫°n :D s·∫Ω c√≥ ng kh√°c ng hi·ªÉu b·∫°n y√™u b·∫°n h∆°n b·∫£n th√¢n h·ªç nh∆∞ ad :)),,,,,,,,,,,,,,,,,,,,,,,,,,
,,,,,,,,,,,,,,,,,,,,,,,,,,
1045059592287751,,,,,,,,,,,,,,,,,,,,,,,,,,
,,,,,,,,,,,,,,,,,,,,,,,,,,
#JB nh·ªõ c√°ch c√°i cfs vs c√°i link ra ƒë·ªÉ n√≥ hi·ªán ra √¥ng vi·∫øt v·∫≠y m·∫•t c√¥ng copy pass k,,,,,,,,,,,,,,,,,,,,,,,,,,
,,,,,,,,,,,,,,,,,,,,,,,,,,
1044036289056748,,,,,,,,,,,,,,,,,,,,,,,,,,
,,,,,,,,,,,,,,,,,,,,,,,,,,
#JB ad m√©o h·ªçc nh√°... Exp ng√†y x∆∞a h·ªçc th√¨ ch√©m ki·ªÉu thi s·ª≠ ·∫•y. B√°m d·ªØ ki·ªán ch√©m m·∫°nh l√† qa :v ƒë√≥ h ch∆∞a bh t·∫°ch ch·ªâ ƒëi·ªÉm su√Ωt s th√¥i .,,,,,,,,,,,,,,,,,,,,,,,,,,
Goodluck nh√°,,,,,,,,,,,,,,,,,,,,,,,,,,
#h3oahihi,ƒëi thi m√¥n n√†y to√†n in t√†i li·ªáu quay b√†i ch√©p m·ªèi tay lu√¥n. :3,,,,,,,,,,,,,,,,,,,,,,,,,
,,,,,,,,,,,,,,,,,,,,,,,,,,
1043638139096563,,,,,,,,,,,,,,,,,,,,,,,,,,
,,,,,,,,,,,,,,,,,,,,,,,,,,
B·∫£n th√¢n ad c≈©ng th·∫•y ch√°n n·∫£n.. K v√†o coi m√† l√∫c d·∫πp ƒë·ª©ng tr√™n nh√¨n xu·ªëng l√† ngao ng√°n r·ªìi.:v k ph·∫£i th√¥i ƒë√¢u ch·ªó b√°n h√†ng c≈©ng v·∫≠y :(,,,,,,,,,,,,,,,,,,,,,,,,,,
T·ªôi cho m·∫•y c√¥ lao c√¥ng ph·∫£i qu√©t @@,,,,,,,,,,,,,,,,,,,,,,,,,,
#h3o,,,,,,,,,,,,,,,,,,,,,,,,,,
,,,,,,,,,,,,,,,,,,,,,,,,,,
1042294829230894,,,,,,,,,,,,,,,,,,,,,,,,,,
,,,,,,,,,,,,,,,,,,,,,,,,,,
,,,,,,,,,,,,,,,,,,,,,,,,,,
,,,,,,,,,,,,,,,,,,,,,,,,,,
1042207175906326,,,,,,,,,,,,,,,,,,,,,,,,,,
,,,,,,,,,,,,,,,,,,,,,,,,,,
#JB t nghi l√† th·∫±ng n√†o l√†m l·∫Øm ch·ª© k l·∫Ω g√°i b√™n USSH qa s <3.... th√¥i tin t∆∞·ªüng ƒëi.. ae c√πng ad ƒë·ªõp th√≠nh n√†o <3 <3,,,,,,,,,,,,,,,,,,,,,,,,,,
#h3o.C·ª© li√™n h·ªá m√¨nh nhe b·∫°n!!! M√¨nh ƒëang b√°n x·ªï,b√°n ƒë·ªï,b√°n b·ªè v·ª´a b√°n v·ª´a cho c√°i ƒë·ªëng ƒë·ª±c r·ª±a l·ªõp m√¨nh n√®!!! kkkkk :3...th√≠nh ·ªü n∆°i ƒë√¢u c·ª© bay lung tung -_-n·ªØ n√†y c√≥ thu·ªôc m√¥n ph√°i #th√≠ch_th·∫£_th√≠nh kh√¥ng v·∫≠y =)))H√≥ng.,,,,,,,,,,,,,,,,,,,,,,,,
,,,,,,,,,,,,,,,,,,,,,,,,,,
1042202742573436,,,,,,,,,,,,,,,,,,,,,,,,,,
,,,,,,,,,,,,,,,,,,,,,,,,,,
#JB t·ªëi em ƒëi coi ca nh·∫°c a ·∫° th·∫ø del n√†o onl ƒëƒÉng cfs t·ª± s∆∞·ªõng @@,,,,,,,,,,,,,,,,,,,,,,,,,,
#h3oTh√≠nh lo·∫°i 1,,,,,,,,,,,,,,,,,,,,,,,,,,
#JBnghe c√≥ v·∫ª h·∫•p d·∫´nB·∫°n ∆°i! M√¨nh n√®,M√¨nh ƒë·ªçc l√† M√¨nh bi·∫øt b·∫°n t√¨m m√¨nh √πi! ahihic√≥ th·ªÉ l√°i m√°y bay dc ko ·∫° :(Tml ad b√™n KTX Confessions ƒë√¢u r üòÇüòÇCh·∫•m:3,,,,,,,,,,,,,,,,,,,,,,,,,
,,,,,,,,,,,,,,,,,,,,,,,,,,
1041595375967506,,,,,,,,,,,,,,,,,,,,,,,,,,
,,,,,,,,,,,,,,,,,,,,,,,,,,
Tri·ªáu h·ªìi UITers ƒëang h·ªçc b√≥ng r·ªï v√†o t∆∞ v·∫•n gi√∫p b·∫°n n·ªØ k√¨a :3,,,,,,,,,,,,,,,,,,,,,,,,,,
#JB,,,,,,,,,,,,,,,,,,,,,,,,,,
th√¥ng th∆∞·ªùng th√¨ tr∆∞·ªùng m√¨nh GDTC r·∫•t d·ªÖ qua mi·ªÖn l√† l√™n l·ªõp ƒë·ªß nha b·∫°nCho h·ªèi ad h3o v√† JB l√† nam hay n·ªØ zD·ªÖ ·ª£t b·∫°n ie..üòÇ c·ª© thik th√¨ m√¨nh n√©m th√¥i üòÑ,,,,,,,,,,,,,,,,,,,,,,,,,,
,,,,,,,,,,,,,,,,,,,,,,,,,,
1041087592684951,,,,,,,,,,,,,,,,,,,,,,,,,,
,,,,,,,,,,,,,,,,,,,,,,,,,,
:V c·∫£m gi√°c nh·ªõ con 1202 huy·ªÅn tho·∫°i nh·ªâ <3,,,,,,,,,,,,,,,,,,,,,,,,,,
,,,,,,,,,,,,,,,,,,,,,,,,,,
1041070562686654,,,,,,,,,,,,,,,,,,,,,,,,,,
,,,,,,,,,,,,,,,,,,,,,,,,,,
.C√≥ c√°i l m√† t tin ·∫•y :))) ch·∫Øc th·∫±ng UIT Fa l√¢u qu√° ƒëƒÉng l√™n cho ƒë·ª° t·ªßi ·∫•y m√† :)))ad b·ªè ƒëi nh√©,t·ª± k·ªâ l√† kh√¥ng t·ªët =))),,,,,,,,,,,,,,,,,,,,,,,,,
,,,,,,,,,,,,,,,,,,,,,,,,,,
1.04028E+15,,,,,,,,,,,,,,,,,,,,,,,,,,
,,,,,,,,,,,,,,,,,,,,,,,,,,
quen t·∫° :V,,,,,,,,,,,,,,,,,,,,,,,,,,
,,,,,,,,,,,,,,,,,,,,,,,,,,
1040268049433572,,,,,,,,,,,,,,,,,,,,,,,,,,
,,,,,,,,,,,,,,,,,,,,,,,,,,
,,,,,,,,,,,,,,,,,,,,,,,,,,
,,,,,,,,,,,,,,,,,,,,,,,,,,
1039858686141175,,,,,,,,,,,,,,,,,,,,,,,,,,
,,,,,,,,,,,,,,,,,,,,,,,,,,
C√≤n n·ªØa,ng√†y x∆∞a c∆°m kh√¥ng ƒÉn th√¨ g·∫°o c√≤n ƒë√≥,ch·ª© d·∫°o n√†y chu·ªôt nhi·ªÅu l·∫Øm...,,,,,,,,,,,,,,,,,,,,,,,,
"n√™n nh·ªõ ""kh√¥ng ai m√£i ƒë·ª©ng ch·ªù m·ªôt ng∆∞·ªùi"" ƒë√¢u nha b·∫°n.",,,,,,,,,,,,,,,,,,,,,,,,,,
#JBad th√≠ch cmt ·∫£nh... ch·∫≠m 1 b∆∞·ªõc th√¥i l√† h·ªëi h·∫≠n c·∫£ ƒë·ªùi,,,,,,,,,,,,,,,,,,,,,,,,,,
#h3oPage n√†y admin ho·∫∑t ƒë·ªông m·∫°nh nh·ª°. To√†n cmt c·ªßa QTV·ªú,t·ªõi ch·ª´ng ho√†n thi·ªán r·ªìi th√¨ I'm sorry,I don't remember you...üòÇ ch√∫c th·ªõt may m·∫Ønahihi,hai ba b·ªØa n·ªØa ta c√≥ g·∫•u c√°i s∆∞·ªõng lu√¥n! m·ªõi nghƒ© th√¥i c≈©ng vui √πi!!!! :v,,,,,,,,,,,,,,,,,,,,,,,
,,,,,,,,,,,,,,,,,,,,,,,,,,
1039850229475354,,,,,,,,,,,,,,,,,,,,,,,,,,
,,,,,,,,,,,,,,,,,,,,,,,,,,
ad qua r·ªìi,h√≠ h√≠,,,,,,,,,,,,,,,,,,,,,,,,,
#JBb·∫Øt tay c√°i ad :(,,,,,,,,,,,,,,,,,,,,,,,,,,
,,,,,,,,,,,,,,,,,,,,,,,,,,
1.03959E+15,,,,,,,,,,,,,,,,,,,,,,,,,,
,,,,,,,,,,,,,,,,,,,,,,,,,,
,,,,,,,,,,,,,,,,,,,,,,,,,,
,,,,,,,,,,,,,,,,,,,,,,,,,,
1039060779554299,,,,,,,,,,,,,,,,,,,,,,,,,,
,,,,,,,,,,,,,,,,,,,,,,,,,,
ng·ªß ch∆∞a #JB :)),,,,,,,,,,,,,,,,,,,,,,,,,,
#h3o,,,,,,,,,,,,,,,,,,,,,,,,,,
,,,,,,,,,,,,,,,,,,,,,,,,,,
1038660112927699,,,,,,,,,,,,,,,,,,,,,,,,,,
,,,,,,,,,,,,,,,,,,,,,,,,,,
Theo c√° nh√¢n ad th√¨ vi·ªác c√≥ tha th·ª© hay kh√¥ng l√† quy·ªÅn c·ªßa n·∫°n nh√¢n,ch·ª© k·∫ª g√¢y ra s·ª± vi·ªác kh√¥ng c√≥ quy·ªÅn ƒë∆∞·ª£c xin s·ª± tha th·ª©. H∆°n n·ªØa,tr·∫ª em l√† th·ª© quan tr·ªçng,qu√Ω gi√° v√† m·ªèng manh,"l√† th·ª© ""kh√¥ng th·ªÉ x√¢m ph·∫°m"" nh·∫•t tr√™n th·∫ø gi·ªõi n√†y (theo quan ƒëi·ªÉm c√° nh√¢n c·ªßa #JB)",,,,,,,,,,,,,,,,,,,,,,
,,,,,,,,,,,,,,,,,,,,,,,,,,
1337567686284722,,,,,,,,,,,,,,,,,,,,,,,,,,
,,,,,,,,,,,,,,,,,,,,,,,,,,
M√™ check in,th√≠ch ƒÉn v·∫∑t v√† l√™ la kh·∫Øp ch·ªën,like ngay:,,,,,,,,,,,,,,,,,,,,,,,,
üëç Check in Danang facebook.com/dananglovers,,,,,,,,,,,,,,,,,,,,,,,,,,
üëç Check in Hanoi facebook.com/hanoilovers,,,,,,,,,,,,,,,,,,,,,,,,,,
üëç Check in Vietnam facebook.com/vietnamlovers,,,,,,,,,,,,,,,,,,,,,,,,,,
"Instagram ch√≠nh th·ª©c: instagram.com/vietnamloversT·ªëng Nhung m·∫•y n·ªØa v·ªÅ 2 con ch·ª•p ntnay ha ;)) ""l√™ nhung ƒëi kh·∫Øp th·∫ø gian "" hahaThanh T√¢m Nguy·ªÖn n√® =))))) a c√≥ mu·ªën ƒëc e k√©o ntn koDuy Ph∆∞∆°ng L√™ H√¥m n√†o e l√¥i a ƒëi kh·∫Øp th·∫ø gian nghen üòÇüòÇüòÇPh·∫°m Ph∆∞∆°ng Ng√¢n qua th√°i ch·ª•p h√¨nh ki·ªÉu nay ƒëi kkkH∆∞∆°ng Lan Anh Nguyen s·∫Øp t·ªõi c·∫£ nh√† m√¨nh l√†m b·ªô n√†y ƒëi =))) ƒë·∫πp m·ªù :vHang Dinh c√≥ mu·ªën ""n·∫Øm tay ƒëi kh·∫Øp th·∫ø gian"" n·ªØa k n√†yN√™ N√™ Tuyen Tuyen Qu·ª≥nh V√¢n h√£y l√¥i nhau ƒëi kh·∫Øp th·∫ø gian ƒëi m·∫•y ƒë·ª©a =]]]]D∆∞∆°ng Vƒ©nh Qu·ªëc Huy mai m·ªët m√¨nh ch·ª•p ri cho o√°ch a n√®Ly Ly Nguy√™n Tr√°n D√¥ Kim Nh∆∞ l√¥i nhau ƒëi kh·∫Øp th·∫ø gian ƒëeeeeeNy Hoang mai ƒëi xu·ªëng ƒë√≥ l√†m m·∫•y p√¥ ·∫£nh v·∫≠y ih nka :)Qu·ª≥nh Anh coi honeymoon m l√†m m·ªôt album ki·ªÉu n√†y n√® =))M√∫n b·ªãnh lun!! Mai m·ªët du h√≠ vs nhau m√¨nh m·∫ßn b·ªô ki·ªÉu n√†y ƒëi ch·∫ø Di·ªÖm!! Ng√¥i SaoNguy·ªÖn Oanh L√¢m B√≠ch Ng·ªçc nh·∫•t ƒë·ªãnh s·∫Ω c√≥ 1 c√°i stt"" l√¥i em l√™ l·∫øt kh·∫Øp th√™ gian"" üòÇüòÇüòÇüòÇV≈© Th·∫Øng b·ªüi c√≥ l√¥i ƒëi kh·∫Øp th·∫ø gian m√† ki·ªÉu n√†y c≈©ng ch·ªãu n·ªØa kkkH∆∞∆°ng Ly Nh·∫≠tMinh T·∫° ƒëi QN a s·∫Ω ch·ª•p cho c√°c e b·ªô ·∫£nh n√†y)))Ng∆∞·ªùi y√™u ∆°i ch·ª•p kh√¥ng e ch·ª•p cho hahhaha Th·∫°ch Th·∫£oVi Na ch√∫ng m·ªÅn th·ª±c hi·ªán b·ªô ·∫£nh ni cho chuy·∫øn dl s·∫Øp t·ªõi ƒëi :))T√© sml th√†nh tr√†o l∆∞u",Bichdiem Nguyen ƒëi ƒë√¢u ch·ª•p gi·ªëng z·∫≠y nha h√¥n kkkk Kh√°nh Nguy·ªÖnL√†m b·ªô anh n·∫Øm tay nhau l·∫øch kh·∫Øp th·∫ø gian nha e Nh∆∞ Th·∫£oTr∆∞∆°ng Thu·ª∑ Ti√™n,l√™ nhau ƒëi kh·∫Øp th·∫ø gian ƒëi k√¨a m :))))))Oanh Ho S∆°n V≈© Nhan Le ... Ai r√£nh l√†m cho tui b·ªô n√†y nghen ... H·ª£p v·ªõi tui n√®Nguy·ªÖn Ng·ªçc Qu·ª≥nh qu·∫£ c·∫ßm t√≥c c·ªßa m√†y ch∆∞a l√† g√¨ nh√© =)))))))))))ƒê√†o Y·∫øn Anh ƒë√¢y r·ªìi. D√†nh cho m√¨nh =))) t·ª´ h ƒëi ƒë√¢u ph·∫£i l√†m ki·ªÉu nh√© =)))Ju Thanh Huy·ªÅn em nghƒ© ƒë√¥i ta c≈©ng c√≥ th·ªÉ ch·ª•p b·ªô ·∫£nh nh∆∞ n√†y =))Nh·ªã Nguy·ªÖn h√¥m naÃÄo e vs cuÃ£ c√¥ng laÃÄm b√¥Ã£ tn ƒëaÃâm baÃâo hot nh√¢ÃÅt fb lu√¥n :)))))Nhung YulyGa Lim dm 2 ƒë·ª©a b√¢y l√¥i t hay t l√¥i 2 ƒë·ª©a b√¢y üòÇüòÇüòÇY·∫øn Ho√†ng mai m·ªët k√™u crush l√†m b·ªô z·∫≠y cho m n√® ng√¥n t√¨nh gh√™ ch∆∞aKim Hua l√™n T√† NƒÉng l√†m v√†i shoot ·∫£nh nh∆∞ v·∫ßy g·ª≠i v·ªÅ nha^^Na Phan Tuy·∫øt L√™ ch·ª•p h√¨nh ƒë·∫πp th√¨ k th√≠ch c∆° :)))Ch√°nh ƒê·∫°t Tr√≠ l√¥i Ling Zhi l√™ l·∫øt v·ªÅ ƒë·∫øn H√† n·ªôi ch∆∞a?nv l√† e c√µng ƒëi kh√°p th·∫ø gian lu√¥n Trung Nguy√™n ·∫°.... ph·∫£i k Subi L∆∞·ªùiV≈© H·ªØu C∆∞·ªùng... mai m·ªët m√¨nh l√†,1 b·ªô n√†y nh√°.. hahahMinh Nguy·ªÖn l√†m b·ªô ·∫£nh k√©o anh ƒëi kh·∫Øp th·∫ø gian ƒëi =))))Lan Anh thu·ª≥ linh ƒëi ch·ª•p ·∫£nh nh∆∞ n√†y ƒëi :vJasmine Ha chac tui keo ba di jong vay ne neu ma ba du lich voi tui kakakaNh∆∞ n√†y c√≥ v·∫ª h·ª£p vs ae m√¨nh n√†y e ah! üòÇüòÇüòÇ PrePretty SunshineNguy·ªÖn H∆∞ng v·ªÅ ch·ª•p L√¥i anh l√™ l·∫øt kh·∫Øp th·∫ø gian =))Huy·ªÅn Trang H·∫£i Anh M·ªπ H·∫°nh Linh Tinh =)))))) m√¨nh c√≥ th·ªÉ l√†m th·∫ø n√†y khi ƒëi vs nhau ƒëc k =))))))H·ªìng H·∫£i Lucky Star h√¥m n√†y ƒëi sappa l√†m b·ªô n√†y v·ªÅ l√†m l∆∞u ni·ªámLan Ph∆∞∆°ng t c√≥ n√™n l√†m cho m m·ªôt b·ªô l√™ l·∫øt ntn ƒë·ªÉ xem c√≥ th·∫±ng n√†o th∆∞∆°ng x√≥t koM√¨nh mong ƒëc l√¥i ƒëi th·∫ø n√†y m√† ko ƒëc ph·∫°m b√°ch ph∆∞∆°ngThanhan Nguyen t·∫øt t·ªõi roii,a mu·ªën e chuÃ£p cho a ki·ªÉu n√†y ko ?)Chuong Vu chu·∫©n lun ƒë√≥ a. anh ch·ªã em nh√† m√¨nh r√°ng gi√∫p b√† Thanh Le 1 ph√°t ƒëi. haha üòÇCh√© L·ª≥ Nguy·ªÖn Trinh Kiang Y·∫øn ƒëc,c√°i n√†y duy·ªát.ƒê·ª£t t·ªõi m·ªói ƒë·ª©a l√†m p√¥ nv üòÇüòÇüòÇSong Y·∫øn,M√≠t D√¥,H√¥m n√†o r·ªß h·ªìng vs sƒ© l√†m b·ªô ·∫£nh n√†y,cho ch·∫•t ha haTrung B√πi em s·∫Ω l√¥i anh l√™ l·∫øt kh·∫Øp th·∫ø gian nh∆∞ v·∫≠y h·ªâ? =)))N·∫Øm tay em ƒëi kh·∫Øp th·∫ø gian l√† x∆∞a r·ªìi b·ªØa n√†o ch·ª•p ki·ªÉu v·∫≠y ƒëi Cao Nhi Josh Le üòùüòùTr·∫ßn Vƒ©nh concept n√†y hay n√®. Em ƒë·∫£m b·∫£o em bi·ªÉu c·∫£m c√≤n x·∫•u h∆°n b·∫°n ƒë√≥ n·ªØa :)))Trinh L·∫°i Nguy·ªÖnTuy·∫øt Panda Th·∫£o t·ª•i m√¨nh l√†m c√°i album b·ª±a b·ª±a nhaVs e ƒëi leo n√∫i th√¨ a cho v√¥ bao r·ªìi k√©o l√™n lu√¥n X·∫•u X√≠ H·∫°nhTr√¢m Midoll e mu·ªën t·ª± nguy·ªán ƒëi hay ƒë·ªÉ a l√¥i e ƒëi üòÇüòÇüòÇüòÇCh√¢n Ng·∫Øn b·ªØa n√†o l√†m v√†i pic ƒëiHuong Thanh H√† M·ªπ l·∫ßn sau l√†m b·ªô l√¥i ch√∫ng m√†y ƒëi h·∫øt d√£y tr∆∞·ªùng s∆°n nh√© :))Hung Nguyen r·ªß pet l√†m b·ªô k√¨a. T s·∫Ω l√†m photographer cho =)))Doan Nguyen Ngoc h√£y v·ªÅ v·ªõi ƒë·ªôi c·ªßa em,em s·∫Ω cho a ƒëc to·∫£ s√°ng :)))Nguy·ªÖn M·∫°nh D≈©ng khi n√†o l√†m 1 b·ªô ƒë·ªÉ ƒë·ªùi ƒë√™ a ∆°iiiNh√¨n n√≥ qu·∫±n qu·∫°i √©o nh·ªãn dc c∆∞·ªùiüòÇ NNgoc ChjpTTrang Dieu MayaLinh Tri·ªáu Tu·∫•n ko bi·∫øt ch√∫ m√† ch·ª•p b·ªô n√†y th√¨ bi·ªÉu c·∫£m ra sao nh·ªâ :3ƒë√†o th·ªã ph∆∞∆°ng dung m·∫π l√†m b·ªô n√†y ƒëi. L√™ l·∫øt Dung ƒëi kh·∫Øp th·∫ø gian :vThin Nguyen hjhj l√¥i nhau ƒëi kh·∫Øp th·∫ø gian nj c√≥ v·∫ª hotNgoc Shichi c√°i n√†y c√≥ v·∫ª h√≥t nek c√≥ d·ªãp th√¨ m·∫ßn ƒëi n√†ng heheL∆∞u Vi·ªát Ho√†ng b·∫£ n√†y b·∫£ bi·ªÉu c·∫£m nh∆∞ s·∫Øp b·ªã raped ƒë·∫øn n∆°i :vNguy·ªÖn H·ªØu Linh ch·∫£ nh·∫Ω ƒëi dl ch∆°i ki·ªÉu n√†y cho vui üòÇüòÇüòÇB·ªØa n√†o m√¨nh lm 1 ablum ha Nguy·ªát Th·∫£o Th·∫£o H√Ωu:)))))Tu·∫•n Bruno m√¨nh ƒë·ªïi ƒëi har. k√©o ch√¢n ƒëi kh·∫Øp th·∫ø gi·ªõi nha :vNguy√™n Ho√†ng,Nga Nga l√†m b·ªô gi·ªëng zj ƒë·ªÉ ƒë·ªùi ƒëi 2 ƒë·ª©aNg·ªçc Nguy·ªÖn l√†m b·ªô ·∫£nh n,ch·ª•p ki·ªÉu n√†y th√¨ e l√†m dct·∫øt v·ªÅ qu√™ ch·ª•p cho 2 ƒë·ª©a em nha c3 M·ªã ƒêen :))) chiu k ƒë·ªá M√™u M√™uBis Son Th√πy Linh V≈© a cj lm b·ªô ·∫£nh l√¥i e ƒëi kh·∫Øp th·∫ø gian üòÇüòÇüòÇüòÇToan CJ Ph∆∞∆°ng Uy√™n Khanh Linh Pham Nguyen Khai Hung L√Ω Ng·ªçc Di·ªÖm Trinh Tr·∫ßn Ng·ªçc H√¢n h·ª£p vs sen& pet nh√† m√¨nh,lm b·ªô ·∫£nh ƒëi k√¨aTh·∫£o Ho√†ng Th·∫£o c√¥ lan l√≠ l√¥i x·ªÅnh x·ªách kh·∫Øp th·∫ø gian :))Nguy·ªÖn Huy·ªÅn e c√≥ mu·ªën ƒëi kh·∫Øp th·∫ø gian vs a k =)))))))Ngoc Trinh H·∫°nh Mi iem ƒëang c√≥ d·ª± ƒë·ªãnh vs H∆∞∆°ng Qu·ª≥nh l√†m b·ªô album n√†yBien Nguyen,,,,,,,,,,,,,,
-v√†o ƒë√¢y ƒÉn.,,,,,,,,,,,,,,,,,,,,,,,,,,
-v√†o ƒë√¢y ch∆°i th·ª≠..,,,,,,,,,,,,,,,,,,,,,,,,,,
-m√°y th·ª±c t·∫ø ·∫£o üòÇVy Th∆∞ t·∫øt n√†y k√©o em ƒëi l√™ l·∫øt ha. KkkkL∆∞u Th·ªã Ph∆∞∆°ng H√≤a h√¥m n√†o ƒë·ªÉ t l√¥i m l√™ l·∫øt nh∆∞ n√†y nh·ªõ!!!Th√πy Linh l√†m b·ªô ·∫£nh c∆∞·ªõi ki·ªÉu n√†y c≈©ng ƒëc n√® b. üòÇüòÇüòÇThanh T√πng n√†o v·ªÅ l√†m b·ªô ·∫£nh lƒÉn l√™ b√≤ tr∆∞·ªùn kh·∫Øp th·∫ø gian ƒëi a :))))))C√°i n√†y ch·∫Øc h·ª£p z m√¨nh h∆°n h√¢hhaa Trinh Trinh Qu√¢n M·ªπL√™ Tho·∫°i Tr√¢n leo Fanxipang l√†m 1 b·ªô ko =]]]]L∆∞∆°ng Ng·ªçc v√£i l√∫a l√¥iiii üòÜüòÜLinh Tran l√†m m·ªôt b·ªô hen üòÇüòÇüòÇKh∆∞∆°ng H√† l√¥i e ƒëi khƒÉÃÅp th√™ÃÅ gian.Th·∫£o Vi ƒëi du l·ªãch v√† ch√∫ng ta lm b·ªô ·∫£nhThu Th·ªßy mai l√†m qu·∫£ n√†y nh∆° :)))Em h·ª£p ki·ªÉu n√†y Th·∫£o H√≠p ·∫° üòÇüòÇ =)))Thanh Huyen muon ko,t chup cho hahaCh·∫Øc ƒë·ªïi ki·ªÉu ch·ª•p hinh ƒëi m·∫•y ƒë·ª©a Anh Luu Uyen Un In Mai MaiB√πi Ph∆∞·ª£ng l√†m ki·ªÉu iem ei :))))Ph∆∞·ª£ng Thanh qu·∫•t 1 b·ªô ik :)))Leon Ng√¥ e v√¥ cho b·ªô ·∫£nh l√™ l√™t ƒëi kh·∫Øp s√†i g√≤n √™ :vB√¨nh S·∫•u gi·∫£ man :)))L√†m c√°i n√†y h∆°n m Nguy·ªÖn OanhPhong L√¢m L√™ ch·ª•p hok cung :))S∆° Ri l√†m th√™m b·ªô n√†y vs th·∫ßy c·ªßa m k√¨a :vLovely Giang l√†m 1 b·ªô k·ªâ ni·ªám ƒëiPh∆∞∆°ng Ly: hnao l√†m ki·ªÉu t·ª´ c·ªïng ksan nh√©üëèüëèüëèüëèPi Th·ªè tr√≥i tay c·ªôt v√†o xe lead r k√©o :))c√≥ ng c√πng √Ω tu·ªüng r·ªìi n√® Trang TranT√¥ T√¥ hahah c√°i n√†y haayHenry Huynh: ƒë∆∞·ª£c n√® nha,kkkkkkkkNg·ªçc √Ånh hay ƒë·ªïi ki·ªÉu ch·ª•p ƒëi em :)))Ch·ª•p b·ªô ·∫£nh n√†y ƒëi anh =)) Tu·∫•nL√™ Anh Th∆∞ v·ª£ ∆°i m√¨nh l√†m seire ·∫£nh ƒëi :3Kim Kh√°nh t·∫øt v·ªÅ t ch·ª•p cho 1 b·ªô üòÇThinh Le :))) ƒëi tr·ªën ƒë√™H·∫£i Lam anh l√¥i em theo v·ªõi :))V√µ Th√°i Tr∆∞·ªùng S∆°n ch·ª•p ki·ªÉu n√†y vui n√® m√° :))√ä Trang sen,,,,,,,,,,,,,,,,,,,,,,,,
N√™n up ·∫£nh √Ω v√†o ƒë√¢y ko?,,,,,,,,,,,,,,,,,,,,,,,,,,
#ERROR!,"mu√¥ÃÅn nƒÉÃÅm tay hay l√¥i ch√¢n naÃÄo :DKim Ng∆∞u hnao lm c√°i ablum n√†y ƒëi a :))Diem Suong hoc hoi cho chuyen da nang ne hahahaHuy·ªÅn S·ª©a h√¥m n√†o l√†m nguy√™n album n√†y 1 b·ªØa =)))H√†o Ph·∫°m kh√©o c≈©ng ph·∫£i lm m·ªôt b√¥ ·∫£nh ntn nh·ªÉ :vNguy·ªÖn Thy b·ªØa n√†o t vs m l√†m 1 b·ªô nha. AhihiC ngoen c√≥ mu·ªën l√†m 1 album n√†y :))Nha anh mu·ªën <("")Dung YoStar cu·ªëi nƒÉm m√¨nh l√†m c√°i nh∆∞ n√†y nh·ªü! üòÇüòÇüòÇT√∫ Tr√¢m m√¨nh m√† c√≥ ƒëi dl th√¨ m l√† b·∫°n g√°i nha =))2 ƒë·ª©a n√†y l·∫ßy :)))))Nguy·ªÖn ƒê·ª©c anh v√† em lam 1 b·ªô ·∫£nh th·∫ø n√†y nh√© :))Tam xam; balabNh∆∞ L√™ Ng·ªçc Lu·ª∑ hai b√¢y l√† nh·∫•t r·ªìi :))L√™ Trang. NƒÉm sau a e mk l√†m nh∆∞ n√†y ƒëiZ lunV√µ Ho√†i Nam e ƒë∆∞a a ƒëi kh·∫Øp th·∫ø gian ntn nh√©Teddy B·ªë kh√¥ng bi·∫øt tr√†o l∆∞u n√†y s·ªõm h∆°n√° ƒë√π kon d·ªü h∆°i :) vlTh·ªßy Luphi x·∫Øp t·ªõi mihnf ch∆°i b·ªô n√†y :3L√™ ƒê√†o t m l√†m b·ªô l√™ l·∫øt nh∆∞ n√†y ƒëc n√®.üòÇH√† Vii b·ªØa ƒë·ªãnh ch·ª•p üòÇB√≠ch B√≠ch hihi chu·∫©n b·ªã tinh th·∫ßn nh√≥e :3l·∫ßy nh∆∞ng ch·∫•t v√£i =)))Ng·ªçc Ninh t·∫øt ch·ª•p v·∫ßy nha =))Minh Anh l√¥i e ƒëi kh·∫Øp tgian :))L√¥i e ƒëi kh·∫Øp th·∫ø gian Nguy·ªÖn Anh Tu·∫•n :))Tran Tran. L√¥i nhau ƒëi kh·∫Øp th·∫ø gian kkkkThao Hong l√†m v√†i p√¥ ƒëi =))))P√© th√≠ch nh∆∞ n√†y k? :))Ko ƒëc ƒëi kh·∫Øp th·∫ø gian th√¥i ta l√†m v·∫°i ƒëi c≈©ng ƒëc Th√πy Dung V∆∞∆°ngTh·∫•y nta hp ch∆∞a h·∫£ g·∫•u H√† Linh :))Th·ª≠ b·ªØa n√†o l√¥i e ƒëi th·ª≠ a Quang B√¨nh üòÇüòÇüòÇDuy Ng·ªçc :) ch·ªùi :))M·∫°nh Nguy·ªÖn n√†o ch√∫ng m√¨n l√†m abum v·∫≠y ƒëu√™ :))Peo N·ªïi Lo·∫°n vs a h ch·ª•p album t·∫øt n√®Linh Anh ch·ª•p nh∆∞ n√†y n√≥ m·ªõi ƒë·ªôc n√†i :vƒê·∫°t Lu·∫≠n mi vs con u cosplay ƒëi :)))Ch√π H√≠ n·ª≠a a s·∫Ω cho e 1 slot : )))l√†m b·ªô n√†y ch·ª© nh·ªÉ Mi Sa=)))D·ªù B√≠t C·ªëng Phiu a c≈©ng s·∫Ω th·∫ø cho coi:)))H∆∞∆°ng Nguy·ªÖn b·ªØa n√†o l√†m b·ªô album.H·ªìng Ng·ªçc mai e l√¥i c nh∆∞ n√†y nh√©Nhung Nguyen ns n.iu l√†m cho 1 b·ªô ƒë√™ :vNguy·ªÖn H√≤a l√¥i a ƒëi kh·∫Øp th·∫ø gian :vKh√°nh H·ªØu ƒë·ªÉ e l√¥i anh :))Sunny Nguy·ªÖn n·∫Øm tay ki·ªÉu n√†y c≈©ng th√≠ch nh·ªÉ =))Kim Chi naÃÄy thiÃÄ =))))))))) :))))La Vie h·ªçc ƒëi m üòÇüòÇüòÇThi√™n Julie h√™ h√™ m l√†m b·ªô ƒëiGiang Sky ch·ª•p ki·ªÉu n√†y ƒëc ƒë·∫•yH√† Kh√°nh m√¨nh l√†m 1 b·ªô ƒëi b√©An Ngo Bao ƒë∆∞a e ƒëi kh·∫Øp th·∫ø gian =)))Linh Ho√†ng hnao l√†m b·ªô ·∫£nh ko mHuynh Mai h√†i l·∫Øm em :)))C·ª° n√†y ·ªïn k Th·ªãnh Th·ªãnh =)))Ho√†ng ƒê√¥ng Phong nh√¨n ·∫£nh bu·ªìn c∆∞·ªùi qu√° ck ∆∞i üòÇNguyen Kim Chi b·ª•ng b·ª± l√†m b·ªô ·∫£nh k√¨a :))Chang Chang b·ªØa a n√≥i c√°i n√†y n√® ;))Ngoc Kim ch·ª•p v·∫≠y ƒëi :))))Dang Nguyen c√°i tao n√≥i m n√® üòÇüòÇüòÇNh√¨n h√†i v√£i V≈© Anh Thi üòÇüòÇüòÇHieu Nguyen Trong l√¥i tui ƒëi kh·∫Øp th·∫ø gian ƒë√™Tu·∫•n Nguy·ªÖn haha mai m·ªët ch·ª•p d·ªã n√®ƒê·∫∑ng Th√°i S∆°n ki·ªÉu n√†y m·ªõi n√® anh kakach·∫Øc ch·ªõt a ∆°i =)))) Anh NguyenXu√¢n ƒê√†o Mai h·ª£p vs em n√® =)))))))))))Ph√πng ƒê·ª©c Qu√Ω l√¥i a ƒëi kh·∫Øp th·∫ø gian nh√© üòÇHu·ª≥nh Giang ƒë·ª£t n√†y....nh·ªõ nha m·∫°i =))))))R√£nh l√†m 1 b·ªô gi·ªëng z ƒëi a Nguyen Alex :))Anna Nguy·ªÖn bay h n·∫Øm tay x∆∞a r·ªìiüòÇüòÇüòÇDn Vinh h·ªìi n√†o l√†m 1 b·ªô ƒëi =)))Hoang Pham c√°i n√†y dc k aD∆∞∆°ng My t nguy·ªán √Ω ƒë·ªÉ m l√¥i t ƒëi :vMinh H∆∞∆°ng V√µ m th·ª≠ c√°i n√†y n√†y :)))Minh Ph∆∞∆°ng L∆∞u :)) bao gi·ªù ch·ª•p cho t nh∆∞ n√†yNguy·ªát Thanh ƒëm m·ªët ch·ª•p v nha =))=)))Haha üòÇ Vy VVy PhamH∆∞∆°ng Giang a mu·ªën 1 b·ªô ·∫£nh nh∆∞ v·∫≠yThanh Duy l√†m b·ªô ·∫£nh l·∫ßy l·ªôi v ƒëi a üòôüòòüòôTr√†o l∆∞u 2017 üòÇk√©o T√πng ƒëi",nh∆∞ con pet √Ω,ƒë∆∞a con ngan ƒëi üòÇB·∫£o Ng·ªçc c√°i n√†y hayLaÃÄm b√¥Ã£ naÃÄy ƒëi Giang..B·∫£o Ng·ªçc hay l√†m qu·∫£ lƒÉn kh·∫Øp th·∫ø gian ƒëi =))Ph√∫c B√πi m c·∫ßn ƒë·ªëi t√°c th·ª±c hi·ªán ki·ªát t√°c ƒë·ªÉ ƒë·ªùiTh·∫ø VƒÉn L√™ =))) e t∆∞Ã£ lƒÉn ƒëc,"a raÃÅng l√™ÃÅt theo ƒëiB√≠ch Ng√¢n em mu·ªën a l√†m v·∫≠y k =)))Xu√¢n M·∫°ch ph·∫£i nh∆∞ n√†y n√†yC√≥ khi l·∫ßn sau ph·∫£i t·∫°o d√°ng ntn m ·∫° Tu·∫•n MinhTr√¢m Putaüôáüèº‚Äç‚ôÄÔ∏èüôáüèº‚Äç‚ôÄÔ∏èüôáüèº‚Äç‚ôÄÔ∏èNguy·ªÖn NƒÉng ki√™Ãâu naÃÄy m∆°ÃÅi neÃÄ üòÖRon ƒê·ªáp Giai chuÃÅng maÃÄy th∆∞Ã£c t√¢Ã£p ƒë√™Hi·ªÅn Thu nay moi ch·∫•tL√¢m C√¥ng Th√°i mai m·ªët cta ch·ª•p nvay n√†aaaaB√≥ tayThu L√™ qu·∫•y m·∫•y ki·ªÉu n√†y:))Hung Nguyen ƒë·ªÉ t√¥i l√¥i √¥ng nh√©Nguy·ªÖn V√¢n l√†m 1 shoot :)))t√¥i ƒëang nghƒ© ƒë·∫øn l√∫c A S·ª≠ b·∫Øt M·ªã v·ªÅ =))))Thu Doan ahihi.l√†m b·ªô ·∫£nh n√†y ko cuƒë·ªÉ e l√†m b·ªô ·∫£nh ""l√¥i a ƒëi kh·∫Øp th·∫ø gian""",ck nha Chi·∫øn Ph·∫°mLinh tri·ªÉn th√¥i v·ª£ :))Ch·∫øt th·∫∑cTh∆∞ üòÜüòÜüòÜüòÜƒë·ªôc h∆°n z n·ªØa Ch·ªã m·ªõi ch·ªãu nghe Nh∆∞ Nh∆∞=))Phong Mai ƒëi ko c h√¢hhahc√≥ th√≠ch l√¥i zum l√™ l·∫øt kh·∫Øp H√† L·ªôi ko :v :v :v H·∫£i Y·∫ønLu Xu Bu gi·ªëng h√≥t ch√≥a g·ª©m kakaNhi√™u Nh∆∞ em ƒë√¢y r·ªìi cha aiH√† V≈©,,,,,,,,,,,,,,,,,,,,,
Lm b·ªô ƒëi em :))Nao ch·ª•p qu·∫£ ·∫£nh n√†y ck nh·ª∑ ƒê·ªùi V√¥ Nghƒ©aTh√∫y Milk bao gi·ªù l√†m b·ªô =))Ph∆∞∆°ng. Sau n√†y vc m√¨nh l√†m m·∫•y ki·ªÉu nh∆∞ n√†y nh√© vk. H√™Anh ƒê·ª©c l√¥i e ƒëi kh·∫Øp th·∫ø gianüòÇTh√°nh r·ªìiAmie San c√°i n√†y ch·ª•p ƒëc n√®V√¢n Meo l√¥i nhau ƒëi th√¥i :)))Ph∆∞∆°ng Thanh c√≥ mu·ªën b·ªã l√¥i ntn h√¥ngPh·∫°m Hi·ªÅn ƒë∆∞a e ƒëi kh·∫Øp n∆°i du l·ªãch. üòçüòçBotay Ny L√¢ng h·∫ßy:)))H√¢hhaha Iu VyV≈© Vi·∫øt Long hnao ƒëi kh·∫Øp hn l√†m b·ªô n√†y =))Ch·ª•p 1 b·ªô ƒë√™ Nguy·ªÖn Hu√¢n:)))Hahaha ƒê·ªó Th·ªãnh l√¥i em di khap the gian anh oiHi·∫øu TokyoüòÇüòÇüòÇüòÇ ƒë·ª´ng l√†m v·∫≠y v·ªõi e nha x·∫øLinh Sa Ph·∫°m Th·ªã l√¥i sa l√™ l·∫øt kh·∫Øp th·∫ø gian üòÇThy Thy: t·ªõi lun em =)))Ng·ªçc H√≤a l√†m qu·∫£ v ƒëi :)))Shyn D∆∞∆°ng hahaa phi√™n b·∫£n l·ªói hahatr·∫£ d√©p cho chu·ªµ v·ªÅ ƒë√™ :vY·∫øn Oanh l√†m b·ªô b·ªô li·ªÅn hhh√ì.... Coi ƒëi H√†nH√†n PhongHuy·ªÅn L√™ t√¥i t√∫m t√≥c b√† ƒëi nh√° üòÇƒê√°ng y qu√°Ng√¢n M√≥m ∆°i ƒë' th·ªÉ ng·∫≠m ƒë∆∞·ª£c m·ªìm v√†o =)))Huy H√πng B√πi l√†m album n√†y n√® H =)))Binh Vu haha,ƒë·ª´ng manh ƒë·ªông nh∆∞ v·∫ßy nha.Min Le v·ªÅ SaiGon ch·ª•p v√†i t·∫•m = )))))U√¥ng Nh√£ K·ª≥ mu·ªën ƒëc b·ªô album nh∆∞ n√†y h√¥ng <3Nguy·ªÖn Th√†nh Nguy·ªÖn check in ki·ªÉu n√†y ƒëc n√†y a..üòÇ@nhi c√°i n√†y hay em :3Ty Ph∆∞∆°ng l√¥i e l√™ l·∫øt kh·∫Øp th·∫ø gian h·∫≠hhahahTh∆∞∆°ng Nguy·ªÖn r·ªß duy ch·ª•p ƒëi th∆∞∆°ngQu·ª≥nh Tr√¢m t t∆∞·ªüng t∆∞·ª£ng m k√©o m ƒëi th√°i.. :))))C√≥ n√™n ch·ª•p v·∫≠y h√¥ng Hyo Yunit l·∫°y lu√¥n S∆∞∆°ng Ng√¢n :vH√† Lade e c√≥ mu·ªën l√†m b·ªô ·∫£nh n√†y kLan Uy√™n Tag g·∫•u z√¥ miTaÃÄu kh∆∞Ã£a... si√™u b∆∞Ã£aAnh Van To. L√†m d·ªëng d·ªã ƒëi üòÇL√¢m Th·ªãnh l√†m album n√†y dc √° kkkƒê·ªÉ em l√¥i anh ƒëi kh·∫Øp th·∫ø gian üòåüòå HoHo√†ng Kh√°nhBoy Nguyen :)) l√†m b·ªô suu tap di xaEm l√¥i a nh√© Do√£n H∆∞·ªõng üòÇL∆∞∆°n l√†m p√¥ƒê·ª©c version n√†y hay n√® aM·ªπ Linh l√†m c√°i n√†y nha eNhung ƒê·ªó c√°i n√†y th√¨ qu√° h·ª£p lu√¥n r·ªìiQuynh Tran ph·ªù lao me tu·ªïi g√¨ =))))))))))))Phat D Doan l√¥i ph√°t ƒëi kh·∫Øp th·∫ø gianMai Thy l√†m 1 b·ªô thu iPhuong Tieu n√®. L√†m m·ªôt b·ªô ƒëi. H·ª£p ƒë√≥Mi Nhon =)))) √¥i th·ªÅ ƒë√©o th·ªÉ nh·ªãn n·ªïiH√† Ch√¢m ch∆°i v·∫≠y nha üòÇüòÇüòÇVi Nupi a l√†m n·ªÅn cho em nha vi :)H·ªì Vƒ©nh Thi√™n Nh∆∞ Hnao m l√†m nh∆∞ n√†y cho m nha kkkkkKh√°nh Linh t·ª∑v·ªõiLch·ª•pki·ªÉun√†yn√® =))))Ng·ªçc Th√†nh b∆∞ÃÉa bi√™ÃÅt ziÃ£ chuÃ£p gi√¥ÃÅng n√¢ÃÄy heÃÅng ;))))Tan Phan ƒë√∫ng ki·ªÉu c·ªßa t√¢n ch∆∞a..B√© T√¢y l√†m 1 b·ªô ƒëi ch·ªã :)))th·ª©c Tran e s·∫Ω ch·ª•p cho a nh∆∞ v√¢y.. Haha.. Gi·ªëng a waDung Chestnut ∆°i...l√†m album n√†y k :))Organ Anh Vu k√©o tay ƒëi ƒë·ª´ng c√≥ l√¥i nha :vThi Anh th√≠ch ko,ch·ª•p cho :)))LyLy Th·∫£o n√® l√†m album n√†y cjp ·∫πpThanh Thanh V≈© ch·ª•p h√¨nh theo tr√†o l∆∞u n√†o ü§£ü§£ü§£Yen Nguyen c·∫ßn tay bh qu√™ r·ªìi nh√° :))Nh·∫≠t L√™ ki·∫øm ch·ªó ch·ª•p ƒëi a üòÇüòÇüòÇüòÇT√∫ Tr·∫ßn l√†m b·ªô ƒëi cho√°D√™ÃÉ th∆∞∆°ng üòÇüòÇüòÇTh·∫£o ƒê·∫°p n√™n l√†m 1 b·ªô k nh·ªâTh·∫£o Nguy·ªÖn m√¨nh l√†m 1 b·ªô n√†y n√® :vKelly Pham v·ªÅ d√¨ ch√°u minh lm b·ªô üòÇüòÇH∆∞∆°ng Thi√™n c ∆°i k√™u N√°i l√†m b·ªô ·∫£nh n√†y ƒëiiiiiN·ªã Nguy·ªÖn m·ªët c√≥,,,,,,,,,,,,,,,,,,,,,,,,
"ƒëi ch∆°i l√†m 1 b·ªô ƒëiLoan Ch√¢u ƒë∆∞a nhau ƒëi kh·∫Øp th·∫ø gian k√¨aƒê·∫°i Nguy·ªÖn hnao ch·ª•p nho√©üëçüèæAnnh Th∆∞∆°ng haha v·ªÅ ch·ª•p qu·∫£ ni cho h√≥t hahaThu Hi·ªÅn :)) quen quenT√†i Nguy·ªÖn h·ª£p v·ªõi T√†i n√® :vTrang Judy l√†m b·ªô ·∫£nh n·∫ßy nh·ªÉ :))Ho√†ng Ch√¢u l√¥i em l√™ l·∫øt kh·∫Øp th·∫ø gianTr·∫ßn Ti√™n t·ª± ƒëi hay ƒë·ªÉ t l√¥i ƒëi hahahahHu·ª≥nh Hu·ª≥nh ƒë·ªÉ t·ªõ ch·ª•p cho üòòH·∫£i Thanh ∆°i. L√†m c√°i n√†y ƒëi. Nh√° nh√°o·∫Øt ƒë·ªù heo üòÇüòÇ Ha MaknaeJi Tran =)))))))))))))Khoa Nguyen haha chup hinh h√¥nMai H·∫±ng h√¥m n√†o quay ƒëi =)))))Thao Nguyen Vo nh√¨n gi·ªëng e qu√° =))Anh Ki·ªÅu nghe n√≥i th√≠ch l·∫Øm =)))Anh Trang Nguyen ∆°i mu·ªën ko baby ha ha haƒë∆∞ÃÄng coÃÅ nv nha a Th√°i Thanh T√¢m kkkkkkkkkkkNguy·ªÖn Trang c·∫ßn t l√¥i m√†y ƒëi kL·ªôc Tr·∫ßn L·ªôc th·∫•y gh√™ üòÇüòÇüòÇTr√∫c L∆∞u ch·ª•p cho em ki·ªÉu n√†y h·ª£p n√® :))Cu Th√∫y e cho a theo v·ªõiSong Ph∆∞∆°ngg Tru·∫•t qu√° anh eiiiiKy Vuxgro l√¥i e ƒëi tr·ªën =)))Di·ªáp Tr·∫ßn e c√≥ mu·ªën th·ª≠ ki·ªÉu n√†y ko :))L∆∞∆°ng Th√†nh ch·ª•p ki·ªÉu n√†y m·ªõi b√° a ∆°i :))))DiemNhi Phung em ∆°i l√† 1 set ƒëi emmmHuy Luu m·ªët l√†m qu·∫£ v ƒëi :))=))Anh Ki·ªÅu m·∫•y hnua lm qu·∫£ ·∫£nh nh∆∞ n√†yJosh Vo =)))))))))ƒê·∫∑ng Minh Nguy·ªát ch·ª•p t·ª± s∆∞·ªõng k ƒëc th√¨ l√†m ki·ªÉu n√†y thoyRose Pe ch·ª•p ki·ªÉu n√†y nh√© :))Trabi Tram t·∫øt l√†m b·ªô nha a hahaMai T·ªì hmmm c√≥ v·∫ª h·ª£p l√Ω ƒë·∫•yH√† Thu l√†m 1 b·ªôM·ªët l√¥i ƒëi kh·∫Øp th·∫ø gian du l·ªãch h√° Knot Grass üòÅüòÅüòÅL√†m b·ªô ƒëi m. ƒê·∫∑t t√™n l√† l√¥i ch√≥ l√™ l·∫øt kh·∫Øp th·∫ø gian Tr·∫ßn Dii·ªÖmTuy·ªÅn Tuy·ªÅn b·ªØa n√†o l√†m b√¥ l·∫° ƒëi :)))Lik Myu l√†m b·ªô ·∫£nh n√†y ƒëich·ª•p ki·ªÉu n√†y ƒë∆∞·ª£c n√® e Kh√°nh Ti√™n =))Dung Dung thi xoq tri·ªÉn.Gu ƒë·ªôc v√† l·∫° c·ªßa ch·∫ø ƒë√¢y ph·∫£i k Binh Linh -_-Nguy·ªÖn Mai m√¨nh l√†m 1 b·ªô ƒëi e üòÖHouse Ng√¢n Thy = )))))))M√π T·∫°t l√†m album ƒëi :)))))))M·ªπ H·∫°nh mai l√™n h√¨nh li·ªÅn üòÇƒê√†o Ng·ªçc Lan hnao lm b·ªô ·∫£nh nh∆∞ naygYori Qu·ª≥nh laÃÄm 1 b√¥Ã£ nh∆∞ z neÃÄ...kkkkM√¨nh ra t·∫øt ƒë·ªãnh ƒëi ƒë√† n·∫µngNh∆∞ Hu·ª≥nh laÃÄm th∆∞Ãâ h∆°m =)))Vivian Tran Haha Mai th·ª≠ nha kkTu·∫•n ƒê·ªó l·∫ßy l·ªôi nh∆∞ n√†y n√® :vKh√°nh V≈© l√†m m·ªôt b√¥ ·∫£nh :)):vVƒÉn M·∫°nh l√¥i e l√™ l·∫øt üòÇƒê·ªÉ m·ªët ƒë l√¥i ng√¢n ƒëi nhaTr·∫ßn NaGiang Ng·ªçc tri·ªÉn ngay style ch·ª•p h√¨nh m·ªõi n√†y th√¥yThuy Tran tri·ªÉn th√¥i ‚ù§Ô∏è‚ù§Ô∏èN«ù én∆Én ∆Çnon…• :""> q·∫•t 1 b√¥ ƒëi b√©Phi Anh ch·ª•p h√¨nh cho r√∫ v nhaTr·∫ßn Uy√™n th√≠ch qu√° em üòÇ hahaTr∆∞∆°ng Qu·ªëc L·ª±c l√†m album ƒëi anhhhhhhhhhT√∫ Linh ch·ª•p h√¨nh k·ªâu n√†y ƒë·∫πp n√†üòÇüòÇüòÇNguy·ªÖn Th·∫ø ƒê·∫°o baby c√≥ ƒëi theo em kh√¥nggggüòÇüòÇM·ªπ Hi·ªÅnn ƒë√¢y r·ªìi ü§£ü§£ü§£ü§£N√¥ Bi Ta b·ªô ·∫£nh n√†y ƒë·∫πp qu√°M√° ch·ª´ng n·ªØa ch·ª•p ki·ªÉu n√†y :)) Vain Lie Tr√∫c Nhi Ph·∫°m V√¢n Tuy·∫øt L√™Ph∆∞·ª£ng L√™ th·∫•y √Ω t∆∞·ªüng n√†y sao ch·∫ø üòÇüòÇüòÇNguy·ªÖn Ly ƒë·∫ßu t∆∞ l√†m b·ªô ·∫£nh n√†y di =))Kh∆∞∆°ng Duy m√¨nh l√¥i b·∫°n :vPainn m√†i xem ikBin Tu·∫•n c·∫≠p nh·∫≠t style ch·ª•p m·ªõi n√®Hang Vu: ƒë·ªÉ t l√¥i m! :)))L√¥i Thu H·∫±ng H·ªì Th·ªã ƒëi kh·∫Øp th√™ gian n√®m·∫∑t con m·∫ª h·∫°nh ph√∫c v√£i n√≤i .. =)) Anh T√πy MaiB·ªØa t·∫øt check ki·ªÉu n√†y nha üòÇ SSumy SumyDuy Nguy·ªÖn LK l√¥i em ƒëi kh·∫Øp th·∫ø gianNguy·ªÖn H∆∞∆°ng L√¥i e ƒëi kh·∫Øp th·∫ø gian kkkkkB√°nhƒê√∫c ƒê·∫πp h·ªìi ·ªü b·ªÉn ko l√†m b·ªô n√†y nh·ªÉ! üòÇn√†y d·ªÖ th∆∞∆°ng n√® anh Thanh D≈©ngTr·∫ßn Ng·ªçc H√† l√†m m·ªôt b·ªô ·∫£nh nh∆∞ n√†y ƒëi =))Nguy·ªÖn Ph∆∞∆°ng Hoa L√™ Minh H·∫±ng ki·ªÉu n√†y c√≥ v·∫ª d·ªÖ h∆°n ki·ªÉu tr√™n kh√¥ng n√®Ph·∫°m Ng·ªçc Ho√† Hermes l√†m b·ªô k√¨a couple :))S√°ng nay mk ƒëi theo phong tr√†o n√†y c√°c b·∫°n H·ª•√™ Hoa Ninh Pu Linh Kh√°nh Ph·∫°m Quang LinhCh√∫ng m√¨nh l·∫≠p team l√¥i nhau ƒëi kh·∫Øp th·∫ø gian ƒëi. ƒê·ªó Minh Ng·ªçc V≈© H·ªØu Minh H·ªØu V≈© Van Ho H√† Nguy·ªÖn Thu L√Ω H√† MaiThao Tran Nguy·ªÖn ƒê·ªânh Nguy·ªÖn Th·ªã Thu H∆∞·ªùng Hi·∫øu NC l√†m b·ªô ·∫£nh n√†y ƒëi)))Kh√°nh Y√™n Linh Thuy Nguyen th∆∞Ãâ chuÃ£p ki√™Ãâu naÃÄy ƒëi üòÇüòÇüòÅThanhnha Pham L√™ Qu·ª≥nh Mai Cherry Thanh Thu√Ω H·∫£i Ph·∫°m b·ªØa n√†o t·ª•i m√¨nh ch·ª•p l·∫ßy l·ªôi ki·ªÉu n√†y ƒëi =)))h·ªì thu·ªµ th·∫£o nguy√™nCh√¢u Ph·∫°m ƒëi th√°i m√¨nh l√¥i nhau ƒëi üòÇüòÇH·ªìng Tr√π Thanh M∆∞·ªõp T∆∞·ªùng Vi :))) t c·∫ßn album v·ªÅ n√≥H∆∞ng H√† Kate Phan ch·ª•p ki·ªÉu n√†y n√® =))Yen Hoang Huynh ch·ª•p c√°i dc n√®. HahaKim Qu·ª≥nh Anh l·∫øt ƒëi m√†iii =)))Nghi Dung L√¢m Vƒ© Kim S∆°n Nguy·ªÖn Ph∆∞∆°ng Ho√†ng Lan ƒêinh S·ªπ Th√†nh : l·∫øt qu√° l·∫øt",nh∆∞ng tui thischhhhhhh =)vy Vy Nguyen hahahahaThao Pham Minh l√†m t√Ω ko nh·ªü :))T√∫ Nguy·ªÖn ƒë√°ng iu vlNg√¢n T√¢y ch·ªãu V hkHo√†ng L√™ k·ªâ y·∫øu nhaNguy·ªÖn Ng·ªçc Ph∆∞∆°ng Ng√¢n c·∫≠u c√≥ mu·ªën ch·ª•p v·∫≠y v·ªõi m√¨nh hƒÉmƒê·∫∑ng Mai Mai B√© NT Ph∆∞∆°ng Th·∫£o ... d√†nh cho c·ªã emB√≠ch Li√™n t·ªôi ch∆° ü§£Tr·∫ßm Ho√†ng v√¥ sinh l∆°ÃÄiTr·∫ßn Th·ªã Thu H√† l√†m ph√°t th·∫ø n√†yN√†y ch·∫Øc ·ªïn e h√°! Minh Ngoc Nguy√™nB√πi ƒêo√†n C√¥ng ƒëi =))))))))Nguyen Vo Loan Anh l∆∞·ªùi di chuy·ªÉn -_-Batai Tr·∫ßn hnao vk ƒë∆∞a ck l√™ l·∫øt kh·∫Øp thjan nh√°Thanh Nga üòÇüòÇl√™ l·∫øtüòÇG·∫•u G·∫•u m√¨nh s·∫Ω l√†m b·ªô ·∫£nh nh∆∞ n√†y nh√° :))Nguy·ªÖn Tr·ªçng T√πng =.= bi√™Ãâu caÃâm z∆∞ÃÉPh∆∞∆°ng PukaApple Head =))))V≈© Ho√†ng hay nh·ªùNguy·ªÖn Quang H·ªìng Ph√∫cNhu NguyenGiang Giang n√†y th√¨ kh·∫Øp th·∫ø gian :))Ngoc Anh Pham l√†m b·ªô ·∫£nh n√® ƒëi :))L√†m b·ªô kh anh üòÇ Tr·∫ßn Tr·ªçng Nghƒ©aXu√¢n H∆∞∆°ngHo√†ng Hu·ª≥nh 2 ƒë·ª©a b·ªØa n√†o ch·ª•p ki·ªÉu ƒë√¢y ƒëiPh·∫°m Nhinh,Trang Qu·ª≥nh l·∫ßn t·ªõi l√†m b·ªô n√†y nh√© :)))Duy ƒê·∫°t :))))Chu·ªìn Chu·ªìn,Tr·∫ßn Tu·∫•n Anh 2 ƒë·ª©a bay ph·∫£i l√†m nh∆∞ v√†y n√®B·ªØa n√†o ch·ª•p h√¨nh phi√™n b·∫£n n√†y n√® m√≠ ch·∫ø Th∆∞ Th∆∞ Mai Vy Phan Nguyen Hu·ª≥nh Ki√™n ;)))ƒêinh Du Pe Pepa Pa Th√∫y Vy Chauhoang ChauNguy·ªÖn Th·ªã Thu H√† nhu nay dc neKi·ªÅu H·ªì,hahaTh√†nh KiKo =)))))))Thi√™n Dii Q√Ω Chu Ng√¥ Kim Ng√¢n duma nhay :))Ti·∫øn Th·ªãnh ntn üòÇüòÇüòÇHi·ªÅn ·ª®ng ƒê·ªó Nguy·ªát H·∫±ng ch·ª•p b·ªô ·∫£nh nh∆∞ n√†y k :)))))Nguy·ªÖn Th√πy Trang ch∆°i m =))Sam Nguyen Ling Jia He chup cho ll bo anh nayMi√™u N·ªØ =))Tr∆∞∆°ng Th·ªã Thu·ª≥ Dung c·∫°n l·ªùi huhuDung Tr·∫ßn n·∫øu b mu·ªën ctoi s·∫Ω ch·ª•p cho b album n√†y Nguy·ªÖn Thu·ª≥ Linhh H·∫±ng B√πiThuy Thuy H·ªìng ƒê·∫∑ngThao Nguyencoi h·ªçc h·ªèi ch·ª•y n√†y v·ªÅ di·ªÖn n√® m·∫•y eXuanMai Nguyen m·ªët ch·ª•p h√¨nh c∆∞·ªõi v·∫ßy n√® üòÇ,,,,,,,,,,,,,,,,,,,,,,
Chi Lan ƒê·ªóKy Cam Tu Thanh Le Gia My n√® b√† Thanh ph·∫£i ch·ª•p v·∫ßy n√®Ho√†ng Y·∫øn V≈©,Ni Nguyen,DiemTho Bui laÃÄm 1 b√¥Ã£ trong chuy√™ÃÅn sƒÉÃÅp t∆°ÃÅiCe th·ª≠ style n√†y ko :))L∆∞u L·ªá L·ªá Kh√¥i Tuy√™nƒê·ª©c Th√†nh =)))Amy Ho Nguy·ªÖn ƒê·ª≥h ƒê·ª≥hTh√∫y An üòÇüòÇüòÇTdb Tuan Nguyen ngon nakH√† MyynDuy D∆∞∆°ng sao ch·∫øRivou Nguyen :))))Thi Kim Phuong Nguyen HAHAHAHAHANguy·ªÖn C√† R·ªët üòÇüòÇüòÇüòÇPh·∫°m Ph∆∞∆°ng Qu·ª≥nh Ho√†ng Kh√°nh ƒê·ªó h√¥m n√†o lm qu·∫£ ·∫£nh d∆∞ n√†y nh·ªùAnh Ngo,Nguyen Thi Ba Tuyen vc nh√† mi ch·ª•p theo pc ni n√®:)))) Tommy Tran,Alex Nguyen,Thanh Phuc:)))Ch·ªã H∆∞·ªùng N√¢u OƒÉn Ph∆∞∆°ng Nuti Ph∆∞∆°ng ƒê∆° b·ªØa n√†o l√†m ki·ªÉu ntn m ak kaakLilas Le Ng·ªçc B√≠ch Th√πy Linh H·ªì l√†m b·ªô cmn ·∫£nh n√†y ƒë√™Th√πy Trang=))B√≠ck H·∫≠uüòÄüòÄüòÄNguy·ªÖn Th·∫£o Th·∫Øm Nguy·ªÖn Giang M√≠t n√†y th√¨ m·ªët b√¢y gi·ªù n√†yPhuc HP üòÇNguyen Ha My :))B√πi T·ªë Uy√™n üòåüòåüòô th·ª≠ h√¥ng emJenny Tr∆∞∆°ng dc do xa ! ha haHuong Thao Nguyen Thao Nguyen v≈©ng t√†u l√†m 1 b·ªô nhaKh√°nh Nguy·ªÖn...Lanna Doan :))Th·∫£o Uy√™n Th√°i Tho√° hahaAnh Duc Nguyen l√†m b·ªô ·∫£nh n√†y ƒëiƒê·ª©c L·ªôc,"Anh Ph∆∞∆°ng Nguy·ªÖn ƒê√†o =))))Ch·ª•p z·ªã nha Nghi√™n L√ΩloÃâng naÃÉo mak P·∫£o Card RedPh∆∞·ª£ng Beo l√†m b·ªô n√†y :vLinh Nguy·ªÖn c√°i n√†y l·∫ßy n√®Ph·ª•ng Anh D∆∞∆°ng =)))Ng·ªçc Mai Th√πy Linh Thu Nga Nguy·ªÖn l√†m ngay b·ªô ·∫£nh :))Hunie Pham Qu·ªëc Th·ªãnh Mai Ph∆∞∆°ng =))V≈© Kim Thanh nh·ªõ m√† ch·ª•p :))Th·∫£o Ng√¢n ƒêo√†n V≈© Ho√†ng Th·ªã Qu·ª≥nh Anh chu·∫©n b·ªã tinh th·∫ßn nha :vK√Ω Nguy·ªÖn l√†m 1 b·ªô ƒëiPhuong Anh Do c√°i n√†y hay n√® eNg√¢n Kim üòÇHu·ª≥nh Minh T√¢m Tr·∫ßn Thu V√¢n :)))Ho√†ng Long h·ªçc t·∫≠p ƒëi aHo√†ng Y·∫øn ƒë·ªôc vlin :))Anh PhNgoc Nguy·ªÖn Thu H∆∞∆°ng =))Pham Julia bu·ªìn c∆∞·ªùi vƒëThai Duong Nguyen sau ch·ª•p v·∫ßy nha =)))Lan H∆∞∆°ng nh·ªôn gh√™ :))H·∫£i ƒêƒÉng Nguy·ªÖn qu·∫•t ngay 1 b·ªô :))Minh Quang hay h√® :))))Nguy·ªÖn L·ªá Quy√™n l√†m b·ªô th·∫ø n√†y kMai Qu√Ω Nguyen style vc m√¨nh ƒë√¢y rTr·∫ßn S∆°n =)))))))))Nguy·ªÖn Th·ªã H∆∞∆°ng l√†m ph√°t nh·ªÅ v·ª£ =]]]C·∫©m Thu·ª≥ ƒëc h∆°m ))L√†m m·ªôt b·ªô ƒëe ch√∫ em Nguy·ªÖn Kh·∫Øc DuyTr·ªãnh V√¢n Anh l·∫ßy l·ªôi qu√° :)))Huy·ªÅn Tun Th·∫ø Nh√° ƒëi sapa ch·ª•p th·∫ø n√†yüòÅƒêinh Ho√†ng Kim Ng√¢n h·ªçc h·ª≠i k√¨a :)))))Nguy·ªÖn Minh l√™ e ƒëi =))))Th·∫£o Nh√≠ Nh·ªë l√†m qu·∫£ n√†y ƒëiAnh Nguyen Thu Trang pho l√¢u anh n√†o üòÇüòÇüòÇThuc Uyen Le Thi ((((= ch·ª•p v·∫ßy ƒëi emB√πi ƒê·ª©c Minh üò≥Nguyen Tuong T vs m th·ª≠ iTr∆∞∆°ng Ng·ªçc Qu·ª≥nh *l√¥i x·ªÅnh x·ªách* :vm·ªõi nh√¨n t∆∞·ªüng Wue Min n√® Huu Nguyen üòÇTr·∫ßn Ng·ªçc D≈©ng H√† Kh√°nh Ling L√™ Hu·ª≥nh Nh∆∞ :vH·ªìng L∆∞u e mu·ªën kNguy·ªÖn Ng·ªçc Quang ""l√™ l·∫øt"" n√†y em üòÇüòÇPh·∫°m Di·ªÖm h·ª£p t√°c ƒëiTram Dang Van Nam Nguy·ªÖn Tr·∫ßn Tr√∫c Qu·ª≥nhTh·∫£o Pham Ph√∫ VƒÉn ƒê·∫∑ng l√†m b·ªô v·∫ßy l√† hot n√® B√πi Th·ª•y Th√πy TrangiHo√†ng Tu·∫•n nThanh :))))Anh Ng·ªçc Ph·∫°m ch·ªãu kh√≥ di·ªÖnKevill Hi·∫øu ƒê·∫∑ng Hi·ªÅn Trang Trang ƒê·∫∑ng MaiHo√†ng √ù Lan Thuy Phuong Phan Conuong L·ª•c VƒÉn Ti·∫øn Nguy·ªÖn Ch√¢u Anh KhoaQu·∫°ttr·∫ßn R∆°iv√†oƒë·∫ßu tr√≤ n√†y hay n√†y :)))Ti√™n M·∫°chnPh·∫°m Cao Qu√Ω ki·ªÉu m·ªõi kkkkHuy·ªÅn Di·ªáu An ƒê·ªùi Y√™u l√†m b·ªô nh∆∞ n√†y n√†yTr√†o luu m·ªõi kkk Th·∫©m Th√πy Trang Nguy·ªÖn Th·ªã T√≠nh Embi Bi Snap :))))Tr·∫ßn Ho√†ng Dung caÃÅi naÃÄy haÃÄi vlMinh Th√¥ng L√™ @binhcao l√†m b·ªôPh√°t Hu·ª≥nh :))))))))- H√† Maii hahaaaƒê·∫ßu To Kitty üòÇ ch·ªãu hem?An Nhi√™n hahaaaaaaH·ªìng Ph√∫cüòÇMai Song Uy·ªÉn l√£ng m·∫°n qu√°Thu√Ω Nga ok k n√®?M√≠t X·ªõt =)))))Ho√†ng H√† l√†m nh√©Thu·ª∑ B√≠ch Nguy·ªÖn a thich vay ne eHong Yun Ph·∫°m Ng·ªçc Th·∫Øng Th·ª•y Khanh Ki·∫øt Dinh ƒëi Vt ch·ª•p v·∫≠y nha :)))))H√† Ng√¢n Linh L·∫°nh L√πng T bu·ªìn c∆∞·ªùi qu√° :)))))Tr·∫ßn Trung Ho√† l√†m 1 b·ªô ƒëi aNg·ªçc Tr√¢m ƒê·∫∑ng...x√©m x√©m n√®D·ª± ƒëo√°n s·∫Ω gi·ªëng k·ª∑ y·∫øu ƒë√°m t·ª•i m√¨nh Nguyen Xuan Bao Ngoc Phuong Le Nguy·ªÖn Khanh Dong Truong Phan Nguyen Hanh Lan TranDang Duc Hiep ch·ª•p nh∆∞ n√†y kL√™ Th·∫£o :(((((Nguyen Chau *ch·ªõp ch·ªõp*Th√πy Trang Tr∆∞∆°ng chowiiiiiiii lolPh·∫°m Ng·ªçc Nam Ho√†i ThuNg·ªçc Y·∫øn l√†m b·ªô :))B·∫£o Nhi B√© Mi Minh Tr·∫ßnThi√™n ƒê∆∞c L√™ h·ª£p a n√® üòÖüòÖüòÖL√¢m Nguy·ªÖn Kim Ho√†ng chup em nhu vay nhaDuy Ti·∫øn :))))))Linh Chi ƒë·ªách:))))Trang H√† ƒêinh =))))))))))))Nhi√™u Qu·ª≥nh Kim H·∫£o b·ªØa n√†o th·ª≠ k m·∫≠yK·∫πo Kute Jp e k√©o c nh√©Tr·∫ßn Trang di·ªÖn s√¢uNh∆∞ Ng·ªçc ch√†o c·∫≠uKh√°nh Huy·ªÅn style m·ªõi üòÇNguy·ªÖn T∆∞·ªùng Nhi gi·ªëng e k :))))Tr·∫ßn Th·ªã H·∫£i Y·∫øn e th√≠c nh∆∞ n√†y kAe m Mi MiS·ª≠ Vi·∫øt Tr∆∞·ªùng l√†m 1 b·ªô ƒëi :))Danh Sang Tr·∫ßnL√™ H·ªØu hahaT·ªë Nhii Thi√™n L√ΩTh√∫y Nh√≥n mu·ªën k.Ho√†ng Thanh Thu Nhinh Nit∆°Qu√° ƒë√† vlin Ho√†ng Ph∆∞∆°ng Oanh üòÇGi·ªëng e k Cindy TranThi·∫øt Ng·ªçc l√†m b·ªôH√† Ki√™n anh ∆°iDoan Tuan ck k√¨aV≈© L√¢mTruc Ho vui n√®Trang TrangTr·∫ßn L√™ Ng·ªçc Thu: m√∫n th·ª≠ h√¥ng mHu·ª≥nh Chiii thua :)))Hana Tran Ivy Mi Nguyen Quynh Nhi D∆∞∆°ng Minh Hi·∫øu hahhaa b√¢y mu·ªën ch·ª•p kGi·ªëng gi·ªëng Ng√¢n H√† Nguy·ªÖnTrung H∆°i M·ªát ch∆°i k :))))·ªêc S√™n :))))Phan Ti·∫øn ƒêƒÉng h·ªçc t·∫≠p ƒë√™!Qu·ª≥nh Qu·ª≥nhl√†m qu·∫£ nh∆∞ n√†y nh·ªâ Ph∆∞·ª£ng D∆∞∆°ng Th√∫y Nguy·ªÖn Minh Chung Trang Nhung Mai H·∫°nh P√©o =))Kim Kh√°nh H·ªìPh·∫°m M·∫°nhNi CT kkkXuan Truc Nguyen l√†m b·ªô ƒëi b√†Anh Mai Ph·∫°m Th·ªã th·ª≠ k e. üòÇüòÇüòÇüòÇHo√†ng D∆∞∆°ng T√¢n Xu√¢n Di·ªáu cbi l√†m qu·∫£ n√†y üòÇüòÇüòÇTrung Hieu l√†m b·ªô kHuy Le h·ªõ h·ªõLy ƒê·∫∑ngl√¥i nhau ƒëi :))) Nguy·ªÖn Kim Ng√¢n Ng√¥ Huy·ªÅn Ph·∫°m B√πi Anh Tu·∫•nmTrang Nguy·ªÖnDuy Duy h√™ h√™=)( Ph∆∞∆°ng Ph∆∞∆°ng =)))))V≈© H·ªìngH·ªìng MonP√© kho·∫ªT√∫ Gia Giang ƒëi√™n thacThanh Hien di·ªÖn ƒë√™Nguy·ªÖn Hi·ªápChu Quy√™n Quy√™n l√†m 1 b·ªô nh√© ;)ch·∫•t hƒÉm :) Nguy·ªÖn Minh Th∆∞Phan Ho√†ng Anh th√≠ch khhhhS∆°n T√πng Tr·∫ßnQu·ª≥nh AnhNguy·ªÖn TrinhPh√∫c H·∫≠uXem b·ªô n√†y ƒëi Nguyen Thi Dieu Linh :))Ph·∫°m M·ªπ Duy√™nNguy·ªÖn Tri·ªÅu Khang ƒëi kh√¥ng :))PT Tu·∫•n AnhHo√†ng ƒê·ª©c C·∫£nhTr·ªãnh Nam Tr√¢nHo√†ng Thi√™n TrangMinh To√†n ƒë√¢y √°Tr∆∞∆°ng Quang Kh√°nh ch·ª•p v n√® =))L∆∞∆°ng Hu·ª≥nh GiaoDanny SengNguy·ªÖn Th√†nh Th·ªçƒê·ªó Th·ªã Th√πy Dung ch·∫Øc h·ª£p n√†y üòÇHoang Phuong Linh ch·ªãu k em :))Miso ChanNguyen HoangTh√∫y Vy hahaCh√¢u MinhNghƒ©a Tr·ªãnh lm 1 b√¥Ph∆∞·ª£ng Minh Tr·∫ßn m·ªët v nhaM·∫°nh C∆∞·ªùngH·∫°nh Nguy√™n ƒëm :))Tee Tr·∫ßn Tina gi√¥ÃÅng aHo√†ng Minh =)))))ph≈© vcc Trung Nguy√™nTh√°i Thi√™n Thanh th√≠ch k üòÇNguy·ªÖn Kim Trang ch∆°i kh√¥ng üòÇC∆∞·ªùng Ng√¥ =))))Nga Nguyen em ∆°iiiT√∫ B√≠ch hahaNg·ªçc Min hahaV√µ Thu·ª≥ =)))H·ªì Khang Duy ƒêo√†n c√πy :))Trang Huyen :-))))Hide Ltt :)))Nguy·ªÖn L√Ω Nh∆∞ Hu·ª≥nh ƒëi nha :3B√¨nh L√™ T·∫•n tr·∫•t :))Minh H·∫£i m·∫ßn kHo√†ng Th√πy Dung Tr·∫ßn L√™ H∆∞·ªùng lam bo Anh nayNg·ªçc Hi·ªÅn h√° h√°M·ªπ Tr√¢n Ph∆∞·ª£ng L√™ m√° ∆°i l·∫ßyƒê·∫∑ng H·ªìng H·∫°nh √¥ng ∆°i :))ngo Ngo Viet Thanh Ha Van Huynh ch∆°i kooooHi·∫øu Ng·ªë :)))Hoang Tien b√† m·∫πT√¢m B·∫£o Tr√¢n hay n√®Xanh T√°o :)))Rin Nguy·ªÖn l·∫ßy l·ªôi th·∫≠cL√™ Th·ªã Ng·ªçc T√∫ ƒëm ƒëm =))Tr√≠ H√† kkkThuyet Hai Thi Nguyen V√µ Ng·ªçc Lai Huynh Quyen m·∫ßn li·ªÅn ƒë√™ =))T√∫ Quy√™n Pun Nguy·ªÖn kakakakPhuong Nguyen duoc doHuy·ªÅn Hu·ª≥nh :)))√ù Nhi Nguy·ªÖn Th·ªã Ng·ªçc Anh l√†m 1 b·ªô k?Hay nay üòÖ TT√≥c Ng·∫Øn H·ªç Nguy·ªÖnHo√†ng VƒÉn üòÇüòÇüòÇüòÇPh√°t Nguy·ªÖn =)))))Mai Han lolHi·∫øu L∆∞∆°ng :))))Kevin Vo hahaChung Tuy·∫øt Ph·ª•ng l√¢ÃÄy ch∆∞aH·ªØu Thanh =)))Nh·ªè Huy·ªÅn hahaNana Lollie üòÇüòÇüòÇV√µ Quy·ªÅn :))Tri Suphu hahaNg·ªçc Ng·ªçt Ng√†o hahahaCarrie Nguyen ch∆°i ƒëiƒê·ªùi ƒê∆°n ƒê·ªôc hahaH·∫±ng B√≠ch =]]]T√¥ Nguy·ªát ƒëi emNh·∫•t Minh :))ƒêan Vy :3Kim Tuy·∫øn kkkkNh∆∞ Huy Ph·∫°m@ =]]]Th·ªãnh V≈© üòÇüòÇüòÇBi·ªán T·ª∑ üòÖüòÖD∆∞∆°ng V≈© Nh·∫≠t Linh =)))))))Tu·∫•n Rookie =))))Trinh Thi Phuong Nguyen b·ª±a d·ªÖ s·ª£ :vThe End :))H·∫°nh Nguy√™n :)))Nhi Nguy·ªÖn n√® eBao Nguyen M·∫Ωoo Duy√™n do it :vMinh Ph∆∞∆°ng :))Duong Hong Hanh l√†m b·ªôNguy·ªÖn H·∫±ng hahah√ä te ToTe ThangChang Chang Duy√™n Duy√™n kiu nao?=))))Lazy TurtleThanh Ph∆∞∆°ng hahaQu·ª≥nh Di·ªÖm hahaNguyen Thanh Hai Ly",.,h·ªçc t·∫≠p n√†y Paige Nguy·ªÖnHo√†ng Minh Nguy·ªÖn :v :v :vTh·∫£o Linh V≈© Phan ch∆°i üòÇPh·∫°m Trung :))TriÃ£nh B·∫£o Ng·ªçc =))))L·ªôc Tr·∫ßn L·ªôcPh∆∞∆°ng Su üòÇüòÇüòÇGiang H√† üòπüòπNguy·ªÖn H·ªØu T√πng ·ªïn l·∫ØmKh√°nh Krist :)))Uy·ªÉn Thanh Nguy·ªÖn kh·ªï :))Ph·∫°m Th√†nh Minh =)))))Di·ªÖm H·ªìng :))Kihiri KuTo nh√¢yL∆∞∆°ng Thi√™n L·ªôc Van Ngo Hoang TruongPhat Doan üòÇüòÇüòÇQuang Tu·∫•n =))Nguy·ªÖn S∆°n D∆∞∆°ng l·∫ßy n√®Hu·ª≥nh Nh·∫≠t Ph∆∞∆°ng Vy :)) lolNguy·ªÖn ƒê·ª©c :)))Tien Herbie üòÇüòÇüòÇT√¢m Iker ∆°iL√™ Ph∆∞∆°ng Thanh HAHAHTh·ªßy T√≠t n√®Tuy·∫øt K√¥ Tan X∆∞·ªùn X√Äo ChUa Ng·ªåt üòÇüòÇüòÇ. C·∫°n l·ªùiNg·ªçc TrangChung Ph∆∞∆°ngJune Nana ChanggLan AnhM·ªôc Trang lam ph√°t:))Huy Ph·∫°m Xu√¢n hahaƒë∆∞·ª£c √†h Lona Cao Tr·∫ßn Qu·ªëc Minh Khoa Phan Thanh V√¢nThanh H√† :vLouis Ph·∫°m =))Khoa PhanAnh =))ƒê√†o L√™ üòÇToro Kool :))Sulan Nguy·ªÖn kakaNhi HeeHee ü§£ü§£ü§£H∆∞ng B√πi üòÇüòÇMy Tr√† Do√£n :))Tuan Anh Le :))Qu·ª≥nh Trang :)Ho√†ng Lu√¢n Qu√°ch :)))Qu·ª≥nh Anh üòÇüòÇPh∆∞∆°ng Ng√¥ üòÅüòÅüòÅDungDung Nguy·ªÖn üòÇüòÇüòÇüòÇNg·ªë Th·∫£o Phan M·ªπ An Ph·∫°m Tuy·∫øt :))Tuan Dinh Van üòÇüòÇüòÇTr·∫ßn Ng Anh Khoa Dung Phan ƒëm=))Uy√™n Uy√™n :vH·ªìngg Ph√∫ :vNguy√™n Nguy√™n =]]Ni Ni üòπHuy·ªÅn Ho√†ng üòÇüòÇüòÇNguy·ªÖn Ph√∫ Qu√Ω kkkNguy·ªÖn To√†n Th·∫Øng hahaNg·ªçc Nguy·ªán 2amNguy·ªÖn Ph∆∞∆°ng Li√™n :))Minh Trang S·ªπ H∆∞ng :))Ho√†ng Ng·ªçc Th√†nh :)))Tr·∫°ng N·∫ßu :vHau Hoang ^^Kenzi H√πynh :vB√πi VƒÉn ƒêi·ªáp üòÜüòÜTh√∫y √Åi Thu·ª≥ D∆∞∆°ng kkkThanh Phat Thoi üòÇüòÇüòÇPhuong Phuong Lien ƒê√†o Nhung :))))C√† R·ªët Cao T√πng D∆∞∆°ng Tr∆∞∆°ng ƒê√¨nh Th√†nh Tr·∫ßn Trang :)))ƒê·ªó Minh Ng·ªçc =))Nguy·ªÖn Th∆∞ :))Nguy·ªÖn Thanh T√πng =))Th·∫Øng Anh Nguy·ªÖn :))Nguy·ªÖn Xu√¢n H√πng :))Phan Nh·∫≠t Linh :vph·∫°m l·ªá thu :vTr∆∞∆°ng Th·∫£o Nguy·ªÖn Mai=))Hoang Tran üòÇüòÇH·∫°p Ti·∫øn S∆°n üòÇüòÇüòÇB√πi Tuy·∫øt Mai V√¢n Nguy·ªÖn :)))V√µ Th·ªã Di·ªáu H∆∞∆°ng Nguy·ªÖn Tr·∫ßn Huy·ªÅn AnhHo√†ng Minh Th·∫Øng :))VƒÉn ƒê·ªìng Tr√¢m Ng√¥ Thuydung NgoNguy·ªÖn ƒê·ª©c Huy d·∫πtMinh D∆∞∆°ng VƒÉn :)Nguy·ªÖn Th·ªã M·ªπ H·∫°nh :))Quynhanh Nguyen m√†yB√πi Di·ªáu Linh :DLavender Lavender!üòÖNg√¢n V≈©üòÇPh·∫°m L√™ Na üòÇNguy·ªÖn Tu·∫•n Anh Hu·ªá T√¢y Ng·ªçc Chi Qu·ª≥nh Nh∆∞L√™ Nguy·ªÖn Thi√™n L·ªôc :))Kh·ªßng D≈©ng üòÇSophie Hong Dung Nguyen Kh·ªïng ƒê∆∞·ªùng Ng·ªçc C·∫ßm Amy V≈© Phat Nguyen Chi Nguyen Huy HaTr√∫c GiangcJetty Pham üòÇPh√°t Ph√°t ƒê·∫°t ƒê·∫°t Uy√™n Uy√™nTr·ªãnh Huy·ªÅn TrangnhRicki VoV√¢n Trang Cao B√≠ch Ng·ªçccƒê·∫∑ng VƒÉn H∆∞ngngTu·∫•n L∆∞∆°ngnM·ªπ Huy·ªÅn Thanh Tr√∫cXu Ng·ªçc H√¢n Thu·ª≥ LinhPh∆∞·ªõc Nguy·ªÖncTh·∫£o MiDo Mai NguyenTuLip PUn L√™ Th·ªã L·ªá Gerrard HahaPham Van Phuc Nhi Nhi Ng·ªçc Linh Kim Oanh NguyenTh∆∞∆°ng H·∫°i∆°Di·ªáu ƒê·∫∑nguNguy·ªÖn Huy·ªÅn üòÇüòÇüòÇTrung Quang ƒê√†m üòÇCuong Nguyen :))))V≈© V≈© Nguy·ªÖn Ph∆∞∆°ng Qu·ª≥nhL√™ Y·∫øn Ng·ªçc Ti·∫øn Th√†nhNam Nam L·ªá ƒê√†oMai Qu·ª≥nh Anh Th√πy Linh Kh√°nh Linhƒê·ª©c Th√†nhDi·ªÖm Quy√™n C·∫©m Ti√™nƒê·ªó Nguy·ªÖn Minh AnhVinh Ph√πngTrang Trang Pham Thu H√† MyNguy·ªÖn Anh H√†oPh·∫°m Thanh Th√∫y Linh Ng·ªçcB√≠ch Ng·ªçc Thu·ª≥Nhung Thu Nguy·ªÖn Nguy·ªÖn LingNguy·ªÖn Vy Nguy·ªÖn Xu AnAn Nhi√™n Th∆∞ ƒêinhPh∆∞∆°ng KdNguy·ªÖn H·∫£i Nguy·ªáttThanh Thi√™n L√™Luan VuRoseline NguyenTh√†nh M√©oKei MingThanh Th·∫£o V√µoMai H∆∞∆°ng Ph·∫°m OanhTh·∫£o ChapiVy Ha Ngo Chris TranNhi Nh·ªèH√† Gia M·ªπNguy·ªÖn Vi·∫øt Vi·ªátHoang TuyetPh·∫°m V∆∞nTr·∫ßn B·∫£o Ng·ªçcH√† V√¢n TrinhNguy·ªÖn An S∆°nH·∫±ng L√™X·∫πpPh∆∞∆°ng KdNhung PiNguy·ªÖn H·ªì Tr√† MyDuy Kh∆∞∆°ngT√πng PBL√™ Hi·ªápNguy·ªÖn Th·∫£o Mimi VanMrchin SuMrchin SuPh·∫°m Ph∆∞·ªõcCu T√ΩMinh Ho√†ngQuang HuyThu·ª≥ D∆∞∆°ngTr·∫ßn Dung Thu√Ω H·ªìLuu Khoi AnhNguy·ªÖn Anh Phuong Hoai Minh TranTr·∫ßn Ng·ªçc B·∫£oSteve NguyenH∆∞∆°ng Mi·∫ønPh·∫°m Th·∫ø LongNguy·ªÖn H·ªìng Nhi ThucAnh LuuNguy·ªÖn Quang MinhNguy·ªÖn Thanh LoannM·∫∑t M·∫πtTr√† M∆∞·ªùiTr·∫ßn Qu·ª≥nh H∆∞∆°ngHuy Tr·∫ßnTi·∫øn ƒê·∫°iDi·ªáu PhanPh·∫°m Candy Thi√™n NhiOanh Ki·ªÅuThanh V√¢nThai TranHuyen MaiMiAh HuynhƒêƒÉng Nguy·ªÖnNg√¢n BonTu·∫•n Nguy·ªÖnthu huy·ªÅnNg·ªçc B·∫£o H·ªØu Nguy·ªÖnHanh NguyenPaw LoTr√¢n Tr√¢nNguyen Thao Huynh PhamThanh D∆∞∆°ngHo√†ng Ng·ªçc B√≠chChi·∫øn Nguy·ªÖnAnh Quynh V≈©Tony NgoH√¢n L√ΩAnh MaiL√™ Minh TrangTung NguyenThanh Th√∫yThu ƒêaoDoanh Ch√≠nhNguy·ªÖn Xu√¢nXu√¢nVuong HongVick VickPh√≥ng KBPhung Minh PhuongXu√¢n MaiA Poom Tr·∫ßnPh·∫°m H·∫£iNguy·ªÖn DungNg·ªçc V≈©Khiem HoangTr·∫ßn Ng√¢nE·ªè L·∫£ Ho√†ngBui TuanB√πi Quang Th·ªãnhH∆∞ng Nguy·ªÖnHo√†ng Vi·ªát AnhH·∫£i Y·∫øn Tr·∫ßnLinhh Th·∫£oShishiya BraginskiNguy·ªÖn Ph∆∞∆°ng Th·∫£oPh∆∞∆°ng Th·∫£oHieu PTMun NiNguyen HoangCh√¢u Kh√°nh LinhTr·∫ßn Th·ªã H·ªìng H·∫°nhThu·ª∑ Nguy·ªÖnPh∆∞∆°ng AnhTrangg Nguy·ªÖnHuang ThhyAmy NguyenHy Tr·∫ßnNhi NhiHalida LuongH·∫±ng MangoH√† H√†H·∫£i Nguy·ªÖnJi HyeC·∫©m TrinhPhong Cu·ªìngNhan DangMai TrinhMinh Hi·∫øuCon G·∫•u Sang Ch·∫£nhT√∫ Anh SynTr∆∞∆°ng ThuH·ªìng Ph∆∞∆°ng Nguy·ªÖnPh∆∞∆°ng LamL∆∞u Ti·∫øt Ng·ªçcThanh Hi·ªÅnH∆∞ng Phƒêo√†n L√™ M·∫°nh T√πngTrang ƒê·∫∑ngPh∆∞∆°ng Ch√∫cTr·∫ßn DuNg·ªçc X√πƒê·ª©c ƒê·ªóDao LeL√™ Thanh D∆∞∆°ngTu·∫•n Ng·ªçcH·ªì Sƒ© Tu·∫•nQuang Qu·ª∑ Quy·ªátL∆∞u H·∫£i AnhBoo L√πn'sRoger NguyenTh·∫£o RyRy,,,,,,,,,,,,,,,,,,
,,,,,,,,,,,,,,,,,,,,,,,,,,
1511153332247515,,,,,,,,,,,,,,,,,,,,,,,,,,
,,,,,,,,,,,,,,,,,,,,,,,,,,
n√≥i b·∫£o h∆°i qu√°,√Ω th·ª©c d√¢n Vn h∆°n m·∫π g√¨ l≈© t√†u kh·ª±a :v√Ω th·ª©c l√† m·ªôt kh√°i ni·ªám qu√° xa x√¥i,m√† c·ª© g√†o l√™n t·∫°i b·ªã c√°i n√†y c√°i n·ªç,"kh√¥ng b·∫±ng n∆∞·ªõc n√†y n∆∞·ªõc n·ªç. H√†i Vkl =]]]S·ªØa chua ƒÉn ch·∫£ ngon g√¨hoa th√¨ ƒë·∫Øt m√† ko bi·∫øt gi·ªØ -_-Hoa h∆∞·ªõng d∆∞∆°ng c√≥ ph·∫£i c·ªßa n∆∞·ªõc m√¨nh ƒë ƒë√¢u m√† c≈©ng c√≥ l·ªÖ h·ªôi hoa h∆∞·ªõng d∆∞∆°ng :))t√¥i ƒëang ch·ªù nh·ªØng v·∫ßn tr·ªùi ƒë·∫°o ƒë·ª©c v√†o ƒë√¢y b·∫£o ""·ªü ƒë√¢u c≈©ng c√≥ ng∆∞·ªùi n√†y ng∆∞·ªùi kia""ko nh·∫ßm th√¨ l√† c√¥ Oanh h√≥a ƒë√∫ng hok :') M√£ Th·ªã Nh∆∞ Nguy·ªát Minh H√πngSao ng∆∞·ªùi vi·ªát m√¨nh ƒëi ƒë·∫øn ƒë√¢u l√† x·∫£ r√°c ƒë·∫øn ƒë√≥ nh·ªâ",nh√¨n l√† ng·ª©a h·∫øt con m·∫Øt r·ªìi Carrot PV10 dong 1 phut. D√£ manTrung Anh :3 quay ƒëc to√†n c·∫£nh ƒë·∫πp1 ph·∫ßn l·ªói l√† do TH true milk=))) y nh∆∞ b√£i chi·∫øn tr∆∞·ªùng sau khi b·ªã chu·ªôt oanh t·∫°c. M·∫•y con chu·ªôt c·ªëng nh√† m√¨nh h∆∞ qu√°.Tam gi√°c m·∫°ch c≈©ng th·∫ø =]]n√≥i chung l√† qua m·ªói nƒÉm,m·ªói ph√°t tri·ªÉn,ki·∫øn th·ª©c m·ªói m·ªôt nhi·ªÅu,ch·ªâ c√≥ √Ω th·ª©c th√¨...qua m·ªói nƒÉm m·ªói ƒëi xu·ªëng. khu du l·ªãch g√¨ m√† m·ªü ra qua m·ªôt th·ªùi gian l∆∞·ª£ng v·∫≠t ch·∫•t t√≠ch l≈©y l·∫°i l√† r√°c.n√†y th√¨ h∆∞·ªõng d∆∞∆°ng,fuck them !Trang Huy·ªÅn v∆∞·ªùn h∆∞·ªõng d∆∞∆°ng g·∫ßn nh√† e ch∆∞a th·∫•t th·ªß chang ·∫°,c√≤n c∆° h·ªôi ƒë·∫•y hihi üòåüòåüòång√†n nƒÉm vƒÉn hi·∫øn hihihiHy sinh z√¨ ng·ªá thu·∫≠t üòÇVi·ªát Nam m√†! C√≥ g√¨ ng·∫°c nhi√™n ƒë√¢u! B·∫°n c·ªßa Trung qu·ªëc m√†! B·∫£o sao ra n∆∞·ªõc ngo√†i ng∆∞·ªùi ta khinh ng∆∞·ªùi Vi·ªát v√† TQ!T·ªët h∆°n l√† ch·∫£ t·ªï ch·ª©c h·ªôi n√†y n·ªç th√¨ m·ªçi th·ª© c√≤n ngon,y√™n b√¨nh. N·∫øu t·ªï ch·ª©c th√¨ t·ªï ch·ª©c lu√¥n l·ªÖ h·ªôi nh·∫∑t r√°c cho xong. Ti·∫øc hoa qu√°,gi·ªëng y nh∆∞ l·ªÖ h·ªôi hoa xu√¢n t·∫°i b·ªù h·ªì nƒÉm n√†o. Like m·∫°nh √Ω ki·∫øn sao b·∫£o Vi·ªát nam m√£i kh√¥ng kh√° l√™n ƒëc,t·ª´ √¥ng b·ªë b√† m·∫π ƒë·∫øn tr·∫ª s∆° sinh. Bu·ªìn qu√°!!!!!!Chi ph√≠ v·∫≠y ƒë√∫ng cmnr ko h·ª£p l√≠ g√¨ n·ªØa :))) chi ph√≠ ƒë√≥ l√† ti·ªÅn cho m·∫•y ba m·∫•y m√° ph√° ho·∫°i,ƒë·ªÉ ng∆∞·ªùi ta tr·ª´ hao ƒë√≥ ch·ª© :))),g·∫∑p t t cho 50k/ 1 l∆∞·ª£t ·∫•y,"v√†o to√†n x·∫£ r√°c v·ªõi b·∫ª hoa :))Nh√¨n th·∫±ng nh√≥c c√†o n√°t hoa m√† m·ªã c≈©ng mu·ªën c√†o n√°t m·∫∑t th·∫±ng nh√≥c ƒë√≥ üòí""√ù th·ª©c √†?"" ƒê·ªÉ w√™n ·ªü nh√† r√πi :(xong r·ªìi l·∫°i ƒë·ªï t·∫°i nh√† n∆∞·ªõcn√≥i chung l√† ·ªü Vi·ªát Nam ko n√™n t·ªï ch·ª©c l·ªÖ h·ªôi","c·ª© ƒë·ªÉ h·ªØu x·∫° t·ª± nhi√™n th∆°mb·∫Øt ƒë·∫ßu gi·ªëng 1 b·ªô ph√¢n c·ªßa ""Trung qu·∫ßn qu√®""ƒê·∫•y.c·ª© m·ªói l·∫ßn b·ªã n√≥i "" √Ω th·ª©c c·ªßa c·ªßa ng∆∞·ªùi Vi·ªát r·∫•t k√©m"" th√¨ nh·∫£y d·ª±ng d·ª±ng l√™n ƒë·∫•y.xin l·ªói",ƒê√öNG L√Ä C√ÅI B·ªåN VƒÇN H√ìA L√ôN üò†üò†üò†Ki·ªÅu Oanh nh√¨n m·∫•y ch·ªó c√≥ v∆∞·ªùn hoa n√†y,ƒë√¥ng d√¢n th√¨ th√†nh b√£i r√°c h·∫øtl√∫c n√†o c≈©ng ƒë√≤i n√†y,ƒë√≤i kia,ƒë√≤i vƒÉn minh nh∆∞ ch√¢u √¢u,nh·∫≠t b·∫£n nh∆∞ng b·∫£n th√¢n th√¨ nh∆∞ cc √Ωƒê√∫ng c√°i b·∫£n ch·∫•t b·∫ßn n√¥ng c·ªßa d√¢n Vi·ªát,nh√¨n m√† th·∫•y x·∫•u h·ªïSao t√¥i th·∫•y h·∫ßu h·∫øt ng∆∞·ªùi vi·ªát ng√†y c√†ng x·∫•u t√≠nh nh∆∞ b·ªçn kh·ª±a v·∫≠y k√¨a :VVN l√†m g√¨ c√≥ √Ω th·ª©c m√† h·ªèi √Ω th·ª©c ·ªü ƒë√¢u :vThu phiÃÅ cao l√™n a. TaÃ£i caÃÅi giÃÄ free noÃÅ cuÃÉng :v.Y·∫øn Nguy·ªÖn nghe n√≥i m s·∫Øp ƒëi,c·∫©n th·∫≠n k c√≤n g√¨ ƒë·ªÉ ng·∫Øm :))B√°nh S·ªØa: h∆∞·ªõng d∆∞∆°ng m b·∫£o ƒë√¢y n·∫ßy =))vƒÉn h√≥a l√πn vccnh√¨n b·ªçn tr·∫ª con ngh·ªãch ch·ªâ mu·ªën t√°t ph√°t,c·ª© tr·∫ª con ko ch·∫•p,n√≥ hi·ªÉu c·∫£ m√† b·ªë m·∫π n√≥ c≈©ng hi·ªÉu c·∫£ to√†n b√™nhGi√°o d·ª•c j ch·ª©?√Ω th·ª©c th√¥i. To√†n l√† ƒë·∫ßu k n√£oD√¢n ta c√≥ kh√°c g√¨ nh·ª±a,Quay fim √∫p l√™n l√† ƒë·∫πp m·∫∑t li·ªÅn .... √Ω th·ª©c √≠t ng co l·∫Øm..√îi vcl vƒÉn ho√° voi √Ω th·ª©c. B·∫£o sao ko kh√° ƒë∆∞·ª£c c≈©ng ph·∫£i th√¥i.S·ª£ lu√¥nc√°i n√†y ch·∫Øc ph·∫£i ph·ªï c·∫≠p gi√°o d·ª•c cho m·ªôt s·ªë th√†nh ph·∫ßn :((C∆∞·ªùng Biin's mu·ªën ƒëi n·ªØa ko e =))))May h√¥m m√¨nh ƒëi n√≥ ko th·∫ø n√†y üòÇ
TTrung TqTTu√¢n L√™√ù th·ª©c nh∆∞ v·∫≠y m√† c·ª© m·ªü mi·ªáng ƒë√≤i b·∫±ng sing,b·∫±ng h√†n :v,,,,,,,,,,,,,,,,,,,,,,,,,
M√† sao ko b·ªë tr√≠ th√πng r√°c nh·ªâ =))Lan Chi may ce m√¨nh ko ƒëi,ko l·∫°i ch·ª©ng ki·∫øn c·∫£nh ƒëau n√≤ng :-<√Ω th·ª©c ƒë·∫øn t·ª´ ƒë√¢u. t·ª´ gi√°o d·ª•c ch·ª© ·ªü ƒë√¢u. ngay t·ª´ nh·ªè tr·∫ª em kh√¥ng ƒë∆∞·ª£c gi√°o d·ª•c nhi·ªÅu v·ªÅ k·ªπ nƒÉng v√† √Ω th·ª©c. su·ªët ng√†y nh·ªìi nh√©t to√†n l√† ki·∫øn th·ª©c v·ªÅ to√°n r·ªìi ch·ªØ nghƒ©a,ti·∫øng anh ti·∫øng,ti·∫øng nh·∫≠t ƒë·ªß c√°c ki·ªÉu,l·ªõp 1 l·ªõp 2 ƒë√£ ph·∫£i h·ªçc th√™m h·ªçc b·ªõt v·∫≠y th√¨ c√≤n qu√°i n√†o √Ω th·ª©c n·ªØa. ch∆∞a k·ªÉ th√™m v·ª• ch·∫°y ƒëua th√†nh t√≠ch. X√£ h·ªôi c√†ng ph√°t tri·ªÉn,"m·ªçi ng∆∞·ªùi c√†ng c√≥ ƒëi·ªÅu ki·ªán th√¨ c√†ng √©p con c√°i ph·∫£i h·ªçc h·ªçc h·ªçc. H·ªç c·ª© nghƒ© l√† l√†m v·∫≠y v√¨ con c√°i nh∆∞ng h·ªç ƒë√¢u c√≥ bi·∫øt k·∫øt qu·∫£ ƒë·∫°t ƒë∆∞·ª£c ch·ªâ c√†ng t·ªá h·∫°i. ch·∫£ c√≤n g√¨ g·ªçi l√† tu·ªïi th∆°. C√≤n ƒë·ªëi v·ªõi v√πng s√¢u v√πng xa th√¨ g·∫ßn nh∆∞ ch·ªâ l√†m cho c√≥. ƒë·∫ßu t∆∞ ph√°t tri·ªÉn cho h·ªç th√¨ ch·∫£ th·∫•y bao nhi√™u. d√¢n ƒë√≥ng g√≥p ·ªßng h·ªô th√¨ kh√¥ng bi·∫øt ti·ªÅn n√≥ ƒëi ƒë√¢u h·∫øt. c√°i c·∫ßn ƒë·∫ßu t∆∞ th√¨ kh√¥ng ch√∫ tr·ªçng to√†n ƒë√¢u t∆∞ ba c√°i linh tinh. D·∫°y h·ªçc cho h·ªç th√¨ to√†n g·ªçi l√† x√≥a m√π ch·ªØ. Th·ª≠ ƒë·∫ßu t∆∞ gi√°o d·ª•c h·ªç xem h·ªç c√≥ ph√°t tri·ªÉn v∆∞·ª£t m·∫∑t ng∆∞·ªùi th√†nh ph·ªë kh√¥ng. c√†ng xem clip th√¨ c√†ng th·∫•y vi·ªác gi√°o d·ª•c √Ω th·ª©c tr·∫ª em c√†ng quan tr·ªçng. nh∆∞ng ƒë·ªëi v·ªõi gi√°o d·ª•c ·ªü n∆∞·ªõc m√¨nh th√¨ .... th√¥i m√¨nh kh√¥ng √Ω ki·∫øn n·ªØa.th·ªÅ nh√¨n di·ªÖn vcƒë √Ω -_- √Ω th·ª©c t·ªìi l√† c√≥ th·∫≠t nh∆∞ng ƒëbh tin m·∫•y c√°i ph√≥ng s·ª± ntn -_-1000 ngh√¨n nƒÉm n·ªØa v·∫´n c√°i phong c√°ch d√¢n ngh√®o v√¥ √Ω th·ª©c n√†y th√¥iPh·∫°m Thanh T√¢m b·∫£o con cua v√†o m√† xemƒë·∫ßu clip thay 1 dua nit wi? but' b√¥ngƒë·∫øn l∆∞·ª£t sau m v·ªÅ ch∆°i ch·∫Øc t√†n l·ª•i m·∫•t...Give them a ""√Ω th·ª©c"" please...C√≥ √¥ng n√†o kho·∫£ th√¢n n·ªØa m√† l√™n ti·∫øng ƒëi nh·ªâ üòÑüòè l≈© ngu!Qu√° ch√°n cho √Ω th·ª©c c·ªßa d√¢n tach∆∞a ai laÃÄm video v√™ÃÄ yÃÅ th∆∞ÃÅc ng d√¢n nhiÃâ ^^!·ªü ƒë√¢u v·∫≠yV√© ph·∫£i ƒë·∫Øt v√†o. 200k/ l∆∞·ª£t √Ω x·ªãt p·∫π b·ªçn v√¥ √Ω th·ª©cb·ªçn T√¢y g·ªçi VN l√† An nam m√≠t n√≥i c·∫•m c√≥ sai üëçHi·ªÅn ƒêo√†n ƒëi s·ªõm c√≥ v·∫ª th√≠ch :3v√¥ √Ω th·ª©c l·∫°i c√≤n k√™uh∆∞ c·∫£ 02 th·∫ø h·ªáTh·∫•t th·ªß kh√¥ng bi·∫øt c√≥ th·∫•t thu kh√¥ng nh·ªâ√Ω th·ª©c l√† g√¨???????????? c√≥ ƒëc h·ªçc ƒë√¢u m√†:)) d√¢n triÃÅ keÃÅmch·∫ø t√†i c·ªßa ƒë·∫•t n∆∞·ªõc ch√∫ng ta qu√° th·∫•p.Dung Ph·∫°m v∆∞·ªùn hoa trong m∆° k√¨aLan Anhh ra l√† l·ªÖ h·ªôi b·∫Øt ƒë·∫ßu r·ªìi :))C√°i √Ω th·ª©c c·ªß lHo√†ng Ng·ªçc Th√†nh eo √¥i hoa ƒë·∫πp th·∫ø nh·ªü :))))Kh·ªïng Thanh H√† h∆∞·ªõng d∆∞∆°ng th·∫•t th·ªßt√¥i nh√¨n quanh v√† o th·∫•y ng∆∞·ªùiNh·ª•c.. hahaC√°i n√†y ·ªü ƒë√¢u v·∫≠y z·ªùi√Ω th·ª©c nh∆∞ c√°i c·ªß c·∫£i th√¨ d√π t·ªï ch·ª©c c√°i l·ªìng g√¨ c≈©ng v·∫≠y üòî√¥i KHC c·ªßa t ch·∫Øc ƒëau l√≤ng l·∫Øm üòÇ Nguy·ªÖn Kh√°nh Huy·ªÅnThi·∫øu vƒÉn h√≥a tr·∫ßm tr·ªçng√Ω th·ª©c nh∆∞ con c*cTr√¥ng th√¢Ã£t x√¢ÃÅu xiÃÅ√ù th·ª©c kh√¥ng b·∫±ng con ru·ªìiLe Huy qu√™ m h·∫£Nho Huong Tran Nguy·ªÖn Qu·ªëc ƒê·∫°t ƒë√¢y c√°c c√¥ ∆°i :v nƒÉm trc ƒëi 1 l√¢n ph√°t s·ª£Thu Huy·ªÅn ƒë√¢y ƒë√¢y ph·∫£iGrass Sicken √ù th·ª©c *ba ch·∫•m*Ch√¢u Phan ƒë√¢y √† üòÇüòÇüòÇXu√¢n Vy Nguyen Quang Huy Ha Khanh Nguy·ªÖn H·ªØu Th·ªãnh Xuan TrangSuong Sweet m√°y qu√° :))Ngh·ªá an n√® Danh Sang Tr·∫ßnNguy·ªÖn Huy·ªÅn Trang t√≠ th√¨ to·∫°ch :))Vi·ªát Nam ph·∫£i th·∫ø =)))Ph√∫c Tr∆∞·ªùng RealTrucs Nguyen ƒë√¢y √† em?Huynh Son üòòüò≠Ph∆∞∆°ng Lan ƒê√†o =))Hien Nguyenthithuhien ü§îVOi C√≤iKi·∫øm T√™nThien Tai Ph∆∞∆°ng Th√∫yD∆∞∆°ng L√™Sally NguyenThanh Ki·ªÅuHo√†ng Di·ªáu MyNgan PhanLong LinhT∆∞·ªùng LanEm L√† C√°mhttps://www.youtube.com/watch?v=iUg11V8ZWKkAoi No NekoVi·ªát Nam ƒë√¢y r√≤ii :v b·∫° ƒë√¢u v·ª©t ƒë√≥",,,,,,,,,,,,,,,,,,,,,